Tip localitate,LOCALITATE,JUDET,Ani,CUI,CAEN,ACTIVE IMOBILIZATE-TOTAL,ACTIVE CIRCULANTE-TOTAL,Stocuri,Creante,Casa si conturi la banci,CHELTUIELI IN AVANS,DATORII,VENITURI IN AVANS,PROVIZIOANE,CAPITALURI-TOTAL,Capital subscris varsat,Patromoniul regiei,Cifra de afaceri neta,VENITURI TOTALE,CHELTUIELI TOTALE,Profit brut,Pierdere bruta,Profit net,Pierdere neta,Numar mediu de salariati,DENUMIRE,COD_INMATRICULARE,ADRESA COMPLETA
Sat,Hăsdate,Cluj,01.01.2016,32397171,5630,,45494,45529,,-35,,78868,,,-33374,200,,34437,34463,37082,0,2619,0,3653,1,PICCOLA CORA SRL,J12/3186/2013,"Sat Hăsdate, Comuna Savadisla, Str. PRINCIPALĂ, Nr. 215A, Județ Cluj,,,,,,,,,,,,,,,,"
Municipiul,Cluj-Napoca,Cluj,01.01.2016,33299635,5630,,1,,,1,,9558,,,-9557,200,,0,0,,0,0,0,0,,ROX MYH ADY SRL,J12/1972/2014,"Municipiul Cluj-Napoca, Str. DÂMBOVIŢEI, Nr. 87, Scara 2, Apartament 117, Județ Cluj,,,,,,,,,,,,,,,,"
Municipiul,Cluj-Napoca,Cluj,01.01.2016,32094160,5610,108953,5421,1875,,3546,,149273,,,-34899,360,,341534,417487,369894,47593,0,44211,0,,ELMEIDAN SRL,J12/2476/2013,"Municipiul Cluj-Napoca, Str. DR. LOUIS PASTEUR, Nr. 74, Etaj parter, Apartament 35, Județ Cluj,,,,,,,,,,,,,,,,"
Municipiul,Cluj-Napoca,Cluj,01.01.2017,32094160,5610,102004,23696,13066,8520,2110,,206645,,,-80945,360,,115565,143200,188503,0,45303,0,46046,,ELMEIDAN SRL,J12/2476/2013,"Municipiul Cluj-Napoca, Str. DR. LOUIS PASTEUR, Nr. 74, Etaj parter, Apartament 35, Județ Cluj,,,,,,,,,,,,,,,,"
Municipiul,Cluj-Napoca,Cluj,01.01.2018,34100900,5629,88856,425757,34379,161525,229853,4440,323417,,,195636,200,,257746,257846,267264,0,9418,0,12143,,CALIFORNIA BURGER S.R.L.,J12/417/2015,"Municipiul Cluj-Napoca, Aleea GODEANU, Nr. 7, Bloc 19, Scara 1, Etaj 2, Apartament 11, Județ Cluj,,,,,,,,,,,,,,"
Municipiul,Cluj-Napoca,Cluj,01.01.2019,34100900,5629,67598,318557,20782,160039,137736,4440,157761,,,232834,200,,870986,871061,825333,45728,0,37199,0,8,CALIFORNIA BURGER S.R.L.,J12/417/2015,"Municipiul Cluj-Napoca, Aleea GODEANU, Nr. 7, Bloc 19, Scara 1, Etaj 2, Apartament 11, Județ Cluj,,,,,,,,,,,,,,"
Municipiul,Cluj-Napoca,Cluj,01.01.2016,34100900,5629,16485,139180,96595,545,42040,4440,14365,,,145740,200,,594877,594897,491682,103215,0,99208,0,6,CALIFORNIA BURGER S.R.L.,J12/417/2015,"Municipiul Cluj-Napoca, Aleea GODEANU, Nr. 7, Bloc 19, Scara 1, Etaj 2, Apartament 11, Județ Cluj,,,,,,,,,,,,,,"
Municipiul,Cluj-Napoca,Cluj,01.01.2017,34100900,5629,49033,204641,93437,47215,63989,4440,13887,,,244227,200,,456155,456175,353126,103049,0,98487,0,6,CALIFORNIA BURGER S.R.L.,J12/417/2015,"Municipiul Cluj-Napoca, Aleea GODEANU, Nr. 7, Bloc 19, Scara 1, Etaj 2, Apartament 11, Județ Cluj,,,,,,,,,,,,,,"
Municipiul,Cluj-Napoca,Cluj,01.01.2019,33943344,5610,143169,1654304,200802,1365261,88241,,239369,,,1558104,600,,2947626,2953488,1987331,966157,0,941027,0,15,NIKPAT SRL,J12/16/2015,"Municipiul Cluj-Napoca, Aleea HERCULANE, Nr. 3, Apartament 2, Județ Cluj,,,,,,,,,,,,,,,,,"
Municipiul,Cluj-Napoca,Cluj,01.01.2018,32010657,5610,,28822,18724,3423,6675,,62116,,,-33294,200,,0,0,,0,0,0,0,0,INSALADA SRL,J12/2244/2013,"Municipiul Cluj-Napoca, Aleea PROF.VALERIU BOLOGA, Nr. 3, Etaj 3, Apartament 40, Județ Cluj,,,,,,,,,,,,,,,,"
Municipiul,Cluj-Napoca,Cluj,01.01.2019,32010657,5610,,3932,0,3423,509,,55950,,,-52018,200,,0,0,18724,0,18724,0,18724,0,INSALADA SRL,J12/2244/2013,"Municipiul Cluj-Napoca, Aleea PROF.VALERIU BOLOGA, Nr. 3, Etaj 3, Apartament 40, Județ Cluj,,,,,,,,,,,,,,,,"
Municipiul,Cluj-Napoca,Cluj,01.01.2017,32010657,5610,,28822,18724,3423,6675,,62116,,,-33294,200,,0,0,0,0,0,0,0,,INSALADA SRL,J12/2244/2013,"Municipiul Cluj-Napoca, Aleea PROF.VALERIU BOLOGA, Nr. 3, Etaj 3, Apartament 40, Județ Cluj,,,,,,,,,,,,,,,,"
Municipiul,Cluj-Napoca,Cluj,01.01.2018,33800476,5610,3665365,1744331,117346,53348,1573637,2682,1038242,,,4374136,200,,6336449,6336449,4241902,2094547,0,2052295,0,39,TRADIS CITY SRL,J12/3245/2014,"Municipiul Cluj-Napoca, B-dul 21 DECEMBRIE 1989, Nr. 131-135, spațiu C16, parter, Județ Cluj,,,,,,,,,,,,,,,,"
Municipiul,Cluj-Napoca,Cluj,01.01.2019,33800476,5610,3708528,4055585,311084,3379297,365204,3058,1032110,,,6735061,200,,6891639,6891639,4474165,2417474,0,2360925,0,39,TRADIS CITY SRL,J12/3245/2014,"Municipiul Cluj-Napoca, B-dul 21 DECEMBRIE 1989, Nr. 131-135, spațiu C16, parter, Județ Cluj,,,,,,,,,,,,,,,,"
Municipiul,Cluj-Napoca,Cluj,01.01.2016,33800476,5610,2029269,200272,158223,7200,34849,,1629802,,,599739,200,,6316892,6316892,5625483,691409,0,584143,0,34,TRADIS CITY SRL,J12/3245/2014,"Municipiul Cluj-Napoca, B-dul 21 DECEMBRIE 1989, Nr. 131-135, spațiu C16, parter, Județ Cluj,,,,,,,,,,,,,,,,"
Municipiul,Cluj-Napoca,Cluj,01.01.2017,33800476,5610,3601104,1564176,106822,7207,1450147,,2843439,,,2321841,200,,6546548,6546548,4196204,2350344,0,2306245,0,33,TRADIS CITY SRL,J12/3245/2014,"Municipiul Cluj-Napoca, B-dul 21 DECEMBRIE 1989, Nr. 131-135, spațiu C16, parter, Județ Cluj,,,,,,,,,,,,,,,,"
Municipiul,Cluj-Napoca,Cluj,01.01.2018,33788933,5610,1354451,4742825,1230057,2360000,1152768,2284605,6401188,,,1980693,380,,19233893,19827963,18575648,1252315,0,1109190,0,154,NOODLE PACK SRL,J12/3218/2014,"Municipiul Cluj-Napoca, Calea DOROBANŢILOR, Nr. 39-41, Scara 1, Etaj 1, Apartament 6, Județ Cluj,,,,,,,,,,,,,,,"
Municipiul,Cluj-Napoca,Cluj,01.01.2019,33788933,5610,10263354,7829465,2158780,3895369,1775316,444720,16281792,159066,,2096681,880,,32786372,33158363,31120993,2037370,0,1672488,0,200,NOODLE PACK SRL,J12/3218/2014,"Municipiul Cluj-Napoca, Calea DOROBANŢILOR, Nr. 39-41, Scara 1, Etaj 1, Apartament 6, Județ Cluj,,,,,,,,,,,,,,,"
Municipiul,Cluj-Napoca,Cluj,01.01.2016,34548807,5610,451378,181685,109161,26015,46509,,674378,249604,,-290919,200,,363346,556320,836801,0,280481,0,283302,13,ADAM S QUALITY EVENTS SRL,J12/1539/2015,"Municipiul Cluj-Napoca, Calea TURZII, Nr. 203A, Județ Cluj,,,,,,,,,,,,,,,,,,"
Municipiul,Cluj-Napoca,Cluj,01.01.2017,34548807,5610,545398,95837,1711,84536,9590,,562387,133470,,-54622,200,,1346632,1462767,1213006,249761,0,236297,0,5,ADAM S QUALITY EVENTS SRL,J12/1539/2015,"Municipiul Cluj-Napoca, Calea TURZII, Nr. 203A, Județ Cluj,,,,,,,,,,,,,,,,,,"
Municipiul,Cluj-Napoca,Cluj,01.01.2018,34322485,5610,2796822,447312,311783,17200,118329,,1415194,,,1828940,300,,8067126,8067260,7041221,1026039,0,974693,0,47,MARTY CITY MALL SRL,J12/981/2015,"Municipiul Cluj-Napoca, P-ţa 1 MAI, Nr. 4-5, Județ Cluj,,,,,,,,,,,,,,,,,,"
Municipiul,Cluj-Napoca,Cluj,01.01.2019,34322485,5610,2654999,750159,349573,70850,329736,,926752,,,2478406,300,,8660957,8663618,7562807,1100811,0,1049466,0,23,MARTY CITY MALL SRL,J12/981/2015,"Municipiul Cluj-Napoca, P-ţa 1 MAI, Nr. 4-5, Județ Cluj,,,,,,,,,,,,,,,,,,"
Municipiul,Cluj-Napoca,Cluj,01.01.2016,34322485,5610,295340,316983,76115,31849,209019,,262689,,,349634,300,,6749923,6751056,6357834,393222,0,328236,0,19,MARTY CITY MALL SRL,J12/981/2015,"Municipiul Cluj-Napoca, P-ţa 1 MAI, Nr. 4-5, Județ Cluj,,,,,,,,,,,,,,,,,,"
Municipiul,Cluj-Napoca,Cluj,01.01.2017,34322485,5610,751931,581322,229145,,352177,,479006,,,854247,300,,7647726,7648337,7159655,488682,0,432799,0,43,MARTY CITY MALL SRL,J12/981/2015,"Municipiul Cluj-Napoca, P-ţa 1 MAI, Nr. 4-5, Județ Cluj,,,,,,,,,,,,,,,,,,"
Municipiul,Cluj-Napoca,Cluj,01.01.2018,34322507,5610,2013994,648477,200493,,447984,,1159913,,,1502558,300,,6391482,6394288,5519908,874380,0,863250,0,37,MARTY WEST SIDE SRL,J12/977/2015,"Municipiul Cluj-Napoca, P-ţa 1 MAI, Nr. 4-5, Județ Cluj,,,,,,,,,,,,,,,,,,"
Municipiul,Cluj-Napoca,Cluj,01.01.2019,34322507,5610,2483439,851658,272114,90240,489304,,939066,,,2396031,300,,5547146,5549353,4642240,907113,0,893473,0,22,MARTY WEST SIDE SRL,J12/977/2015,"Municipiul Cluj-Napoca, P-ţa 1 MAI, Nr. 4-5, Județ Cluj,,,,,,,,,,,,,,,,,,"
Municipiul,Cluj-Napoca,Cluj,01.01.2016,34322507,5610,143822,565217,116033,78240,370944,,402519,,,306520,300,,5753887,5755636,5388397,367239,0,306220,0,19,MARTY WEST SIDE SRL,J12/977/2015,"Municipiul Cluj-Napoca, P-ţa 1 MAI, Nr. 4-5, Județ Cluj,,,,,,,,,,,,,,,,,,"
Municipiul,Cluj-Napoca,Cluj,01.01.2017,34322507,5610,277933,656354,130513,3720,522121,,294979,,,639308,300,,6517436,6521077,6142407,378670,0,363728,0,40,MARTY WEST SIDE SRL,J12/977/2015,"Municipiul Cluj-Napoca, P-ţa 1 MAI, Nr. 4-5, Județ Cluj,,,,,,,,,,,,,,,,,,"
Municipiul,Cluj-Napoca,Cluj,01.01.2016,34834264,5621,2984,19441,2445,6523,10473,,19974,,,2451,200,,269578,267392,232779,34613,0,30643,0,4,STARTBEK SRL,J12/2298/2015,"Municipiul Cluj-Napoca, P-ţa UNIRII, Nr. 19, Județ Cluj,,,,,,,,,,,,,,,,,,"
Municipiul,Cluj-Napoca,Cluj,01.01.2019,33591086,5630,,75176,51181,23307,688,,200792,,,-125616,200,,233448,233448,296560,0,63112,0,65441,0,DIO LEVENDULA SRL,J12/2708/2014,"Municipiul Cluj-Napoca, Str. ALEXANDRU VAIDA VOEVOD, Nr. 14, Apartament 35, Județ Cluj,,,,,,,,,,,,,,,,,"
Municipiul,Cluj-Napoca,Cluj,01.01.2016,33591086,5630,,145896,110900,20696,14300,,96918,,,48978,200,,189264,189264,145722,43542,0,41639,0,9,DIO LEVENDULA SRL,J12/2708/2014,"Municipiul Cluj-Napoca, Str. ALEXANDRU VAIDA VOEVOD, Nr. 14, Apartament 35, Județ Cluj,,,,,,,,,,,,,,,,,"
Municipiul,Cluj-Napoca,Cluj,01.01.2016,34461858,5610,6307,8587,343,7462,782,,71400,,,-56506,200,,26970,26970,24911,2059,0,1558,0,,PATI FRUCT SRL,J12/1321/2015,"Municipiul Cluj-Napoca, Str. ANINA, Nr. 39, Județ Cluj,,,,,,,,,,,,,,,,,,"
Municipiul,Cluj-Napoca,Cluj,01.01.2017,34461858,5610,9751,4084,343,2743,998,,70052,,,-56217,200,,96707,96707,93893,2814,0,1847,0,,PATI FRUCT SRL,J12/1321/2015,"Municipiul Cluj-Napoca, Str. ANINA, Nr. 39, Județ Cluj,,,,,,,,,,,,,,,,,,"
Municipiul,Cluj-Napoca,Cluj,01.01.2019,32509330,5610,90164,1318027,163109,888094,266824,,193512,,,1214679,200,,1998083,1998083,1455705,542378,0,522397,0,25,TOWIN SRL,J12/3448/2013,"Municipiul Cluj-Napoca, Str. BRAŞOV, Nr. 56A, Județ Cluj,,,,,,,,,,,,,,,,,,"
Municipiul,Cluj-Napoca,Cluj,01.01.2019,34172221,5610,684406,827211,137561,90748,598902,43896,229074,,,1326439,200,,6984152,7023445,5438348,1585097,0,1531349,0,35,PERFECT FRESH FOOD SRL,J12/606/2015,"Municipiul Cluj-Napoca, Str. BUCUREŞTI, Nr. 25, Județ Cluj,,,,,,,,,,,,,,,,,,"
Municipiul,Cluj-Napoca,Cluj,01.01.2016,34052667,5621,43204,123286,63840,40791,18655,,222925,,,-56435,200,,348670,348670,403758,0,55088,0,58575,9,BERAR RESTAURANT SRL,J12/291/2015,"Municipiul Cluj-Napoca, Str. CIOBANULUI, Nr. 2, parter, Spațiu Comercial, Județ Cluj,,,,,,,,,,,,,,,,"
Municipiul,Cluj-Napoca,Cluj,01.01.2018,34087851,5610,1477954,1314959,,1226664,88295,993,3525414,,,-731508,1200,,2552081,2582614,1350692,1231922,0,1206030,0,1,BISTRO EUROPA SRL,J12/386/2015,"Municipiul Cluj-Napoca, Str. CONSTANŢA, Nr. 14, Pivniță-Demisol, Apartament 7, Județ Cluj,,,,,,,,,,,,,,,,"
Municipiul,Cluj-Napoca,Cluj,01.01.2019,34087851,5610,1202361,1450146,,1125708,324438,267549,2765841,,,154215,1200,,2598683,2614097,1702387,911710,0,885723,0,1,BISTRO EUROPA SRL,J12/386/2015,"Municipiul Cluj-Napoca, Str. CONSTANŢA, Nr. 14, Pivniță-Demisol, Apartament 7, Județ Cluj,,,,,,,,,,,,,,,,"
Municipiul,Cluj-Napoca,Cluj,01.01.2018,34095641,5610,2042278,298878,75592,47933,175353,,227755,,,2113401,210,,3470262,3664503,2657743,1006760,0,971136,0,26,EMERALD BISTRO SRL,J12/404/2015,"Municipiul Cluj-Napoca, Str. GHEORGHE DIMA, Nr. 2, Scara 6, Etaj 2, Apartament 60, Județ Cluj,,,,,,,,,,,,,,,"
Municipiul,Cluj-Napoca,Cluj,01.01.2019,34095641,5610,2411404,488461,110944,254071,123446,,566590,,,2333275,210,,3167599,3284590,2531469,753121,0,719874,0,25,EMERALD BISTRO SRL,J12/404/2015,"Municipiul Cluj-Napoca, Str. GHEORGHE DIMA, Nr. 2, Scara 6, Etaj 2, Apartament 60, Județ Cluj,,,,,,,,,,,,,,,"
Municipiul,Cluj-Napoca,Cluj,01.01.2017,34095641,5610,1639006,239152,131238,10757,97157,,735892,,,1142266,210,,2737424,2826557,1869607,956950,0,940409,0,20,EMERALD BISTRO SRL,J12/404/2015,"Municipiul Cluj-Napoca, Str. GHEORGHE DIMA, Nr. 2, Scara 6, Etaj 2, Apartament 60, Județ Cluj,,,,,,,,,,,,,,,"
Municipiul,Cluj-Napoca,Cluj,01.01.2018,33037103,5610,232745,551644,23993,503165,24486,,257274,,,527115,200,,3407399,3464091,2902575,561516,0,526875,0,24,DELICIU CARTOFILOR SRL,J12/1287/2014,"Municipiul Cluj-Napoca, Str. GIUSEPPE VERDI, Nr. 11, Județ Cluj,,,,,,,,,,,,,,,,,,"
Municipiul,Cluj-Napoca,Cluj,01.01.2019,33037103,5610,176240,593857,29869,432012,131976,,160155,,,609942,200,,3477949,3554317,2913085,641232,0,609702,0,18,DELICIU CARTOFILOR SRL,J12/1287/2014,"Municipiul Cluj-Napoca, Str. GIUSEPPE VERDI, Nr. 11, Județ Cluj,,,,,,,,,,,,,,,,,,"
Municipiul,Cluj-Napoca,Cluj,01.01.2016,33037103,5610,251818,654747,9286,11755,633706,24196,278890,,,651871,200,,3281232,3306641,2513898,792743,0,651631,0,24,DELICIU CARTOFILOR SRL,J12/1287/2014,"Municipiul Cluj-Napoca, Str. GIUSEPPE VERDI, Nr. 11, Județ Cluj,,,,,,,,,,,,,,,,,,"
Municipiul,Cluj-Napoca,Cluj,01.01.2017,33037103,5610,196018,649174,24107,591027,34040,,231755,,,613437,200,,3144854,3210085,2578346,631739,0,613197,0,24,DELICIU CARTOFILOR SRL,J12/1287/2014,"Municipiul Cluj-Napoca, Str. GIUSEPPE VERDI, Nr. 11, Județ Cluj,,,,,,,,,,,,,,,,,,"
Municipiul,Cluj-Napoca,Cluj,01.01.2018,32850050,5630,,,,,,,4900,,,-4900,200,,3029,3029,3115,0,86,0,177,,GEO COMIMPEX SRL,J12/666/2014,"Municipiul Cluj-Napoca, Str. HAŢEG, Nr. 4, parter, Bloc Lama G, Scara II, Apartament 43, Județ Cluj,,,,,,,,,,,,,,"
Municipiul,Cluj-Napoca,Cluj,01.01.2019,32850050,5630,,,,,,,4900,,,-4900,200,,0,0,,0,0,0,0,,GEO COMIMPEX SRL,J12/666/2014,"Municipiul Cluj-Napoca, Str. HAŢEG, Nr. 4, parter, Bloc Lama G, Scara II, Apartament 43, Județ Cluj,,,,,,,,,,,,,,"
Municipiul,Cluj-Napoca,Cluj,01.01.2016,32850050,5630,,1651,1439,,212,,8327,,,-6676,200,,6449,6449,10162,0,3713,0,3906,,GEO COMIMPEX SRL,J12/666/2014,"Municipiul Cluj-Napoca, Str. HAŢEG, Nr. 4, parter, Bloc Lama G, Scara II, Apartament 43, Județ Cluj,,,,,,,,,,,,,,"
Municipiul,Cluj-Napoca,Cluj,01.01.2017,32850050,5630,,1600,1400,,200,,7406,,,-5806,200,,3066,3066,2104,962,0,870,0,,GEO COMIMPEX SRL,J12/666/2014,"Municipiul Cluj-Napoca, Str. HAŢEG, Nr. 4, parter, Bloc Lama G, Scara II, Apartament 43, Județ Cluj,,,,,,,,,,,,,,"
Municipiul,Cluj-Napoca,Cluj,01.01.2018,32604013,5610,1087745,1118018,60792,42922,1014304,44082,250922,,,1998923,200,,5835484,6009454,4650525,1358929,0,1296244,0,,IULIUSHAN SRL,J12/3675/2013,"Municipiul Cluj-Napoca, Str. IUGOSLAVIEI, Nr. 38, Județ Cluj,,,,,,,,,,,,,,,,,,"
Municipiul,Cluj-Napoca,Cluj,01.01.2019,32604013,5610,1912060,1136919,93198,311631,732090,625,889244,,,2160360,200,,5697530,5721662,4709069,1012593,0,949908,0,43,IULIUSHAN SRL,J12/3675/2013,"Municipiul Cluj-Napoca, Str. IUGOSLAVIEI, Nr. 38, Județ Cluj,,,,,,,,,,,,,,,,,,"
Municipiul,Cluj-Napoca,Cluj,01.01.2016,32604013,5610,1045379,226607,65522,14924,146161,16718,239616,,,1049088,200,,5054047,5076133,3817798,1258335,0,1048848,0,51,IULIUSHAN SRL,J12/3675/2013,"Municipiul Cluj-Napoca, Str. IUGOSLAVIEI, Nr. 38, Județ Cluj,,,,,,,,,,,,,,,,,,"
Municipiul,Cluj-Napoca,Cluj,01.01.2017,32604013,5610,925996,725053,68027,4450,652576,75961,297325,,,1429685,200,,5371500,5388451,4771640,616811,0,554126,0,47,IULIUSHAN SRL,J12/3675/2013,"Municipiul Cluj-Napoca, Str. IUGOSLAVIEI, Nr. 38, Județ Cluj,,,,,,,,,,,,,,,,,,"
Municipiul,Cluj-Napoca,Cluj,01.01.2017,33812560,5610,,163159,,16488,146671,,15664,,,147495,200,,241706,241706,118360,123346,0,120929,0,1,NAEGAT S.R.L.,J12/3276/2014,"Municipiul Cluj-Napoca, Str. MARAMUREŞULUI, Nr. 36, Bloc C, Scara C, Apartament 21, Județ Cluj,,,,,,,,,,,,,,,"
Municipiul,Cluj-Napoca,Cluj,01.01.2019,34977086,5610,452935,2014776,196194,1529502,289080,2106,1061606,,,1408211,10100,,4894139,4896253,3743348,1152905,0,1071164,0,22,FIVE COFFEE ROASTERS SRL,J12/2686/2015,"Municipiul Cluj-Napoca, Str. NAPOCA, Nr. 3, Apartament 31, Județ Cluj,,,,,,,,,,,,,,,,,"
Municipiul,Cluj-Napoca,Cluj,01.01.2016,34691776,5610,20898,566929,312790,220143,33996,604,737520,,,-149089,200,,3315222,3322285,3463123,0,140838,0,144956,21,FULL POWER SRL,J12/1898/2015,"Municipiul Cluj-Napoca, Str. PLOPILOR, Nr. 64, Județ Cluj,,,,,,,,,,,,,,,,,,"
Municipiul,Cluj-Napoca,Cluj,01.01.2016,33275024,5610,52818,151799,16277,1,135521,,30764,,,173853,200,,753656,757656,545276,212380,0,173653,0,10,CIAO RAGAZZI SRL,J12/1929/2014,"Municipiul Cluj-Napoca, Str. SCORŢARILOR, Nr. 11, Bloc D11, Scara 3, Etaj 2, Apartament 39, Județ Cluj,,,,,,,,,,,,,,"
Municipiul,Cluj-Napoca,Cluj,01.01.2017,33275024,5610,240228,89590,5059,3073,81458,,161867,,,167951,200,,971229,971229,819159,152070,0,142358,0,6,CIAO RAGAZZI SRL,J12/1929/2014,"Municipiul Cluj-Napoca, Str. SCORŢARILOR, Nr. 11, Bloc D11, Scara 3, Etaj 2, Apartament 39, Județ Cluj,,,,,,,,,,,,,,"
Sat,Răchitele,Cluj,01.01.2018,33638910,5630,,17432,15040,200,2192,,23019,,,-5587,200,,74411,74568,81247,0,6679,0,7425,2,ALUNIS CLAU SRL,J12/2829/2014,"Sat Răchitele, Comuna Mărgău, Nr. 470 D, Județ Cluj,,,,,,,,,,,,,,,,,,"
Sat,Răchitele,Cluj,01.01.2019,33638910,5630,,13390,11898,,1492,,22343,,,-8953,200,,72170,72170,74814,0,2644,0,3366,2,ALUNIS CLAU SRL,J12/2829/2014,"Sat Răchitele, Comuna Mărgău, Nr. 470 D, Județ Cluj,,,,,,,,,,,,,,,,,,"
Sat,Răchitele,Cluj,01.01.2016,33638910,5630,,13381,12720,,661,,12498,,,883,200,,63972,63972,62549,1423,0,783,0,2,ALUNIS CLAU SRL,J12/2829/2014,"Sat Răchitele, Comuna Mărgău, Nr. 470 D, Județ Cluj,,,,,,,,,,,,,,,,,,"
Sat,Răchitele,Cluj,01.01.2017,33638910,5630,,15024,13535,,1489,,13186,,,1838,200,,76928,76928,75204,1724,0,955,0,2,ALUNIS CLAU SRL,J12/2829/2014,"Sat Răchitele, Comuna Mărgău, Nr. 470 D, Județ Cluj,,,,,,,,,,,,,,,,,,"
Sat,Savadisla,Cluj,01.01.2016,34164059,5630,194375,1965,,,1965,,44509,,,151831,200,,128400,128400,93893,34507,0,30655,0,6,ZAGORIN PROD SRL-D,J12/590/2015,"Sat Savadisla, Comuna Savadisla, Nr. 506A, Județ Cluj,,,,,,,,,,,,,,,,,,"
Sat,Savadisla,Cluj,01.01.2017,34164059,5630,165159,22187,,20222,1965,,1900,,,185446,200,,190000,190000,154486,35514,0,33614,0,6,ZAGORIN PROD SRL-D,J12/590/2015,"Sat Savadisla, Comuna Savadisla, Nr. 506A, Județ Cluj,,,,,,,,,,,,,,,,,,"
Sat,Agârbiciu,Cluj,01.01.2016,36583282,5610,9251,355,,,355,,10100,,,-494,200,,0,0,694,0,694,0,694,0,FAMSIC SRL,J12/3537/2016,"Sat Agârbiciu, Comuna Căpusu Mare, Nr. 97A, Județ Cluj,,,,,,,,,,,,,,,,,,"
Sat,Băişoara,Cluj,01.01.2019,34772463,5610,,56121,56119,,2,,51087,,,5034,200,,0,0,,0,0,0,0,,GALMATY CRIO SRL,J12/2146/2015,"Sat Băişoara, Comuna Băişoara, Nr. 273, Județ Cluj,,,,,,,,,,,,,,,,,,"
Municipiul,Cluj-Napoca,Cluj,01.01.2018,36769294,5610,4387,648194,80858,566538,798,,231510,,,421071,200,,1023720,1054337,785308,269029,0,258774,0,8,MARINA RISTORO SRL,J12/4170/2016,"Municipiul Cluj-Napoca, Str. AVRAM IANCU, Nr. 8, Apartament 2B, Județ Cluj,,,,,,,,,,,,,,,,"
Municipiul,Cluj-Napoca,Cluj,01.01.2017,36769294,5610,,231970,16006,209979,5985,,69673,,,162297,200,,492699,498397,331348,167049,0,162097,0,3,MARINA RISTORO SRL,J12/4170/2016,"Municipiul Cluj-Napoca, Str. AVRAM IANCU, Nr. 8, Apartament 2B, Județ Cluj,,,,,,,,,,,,,,,,"
Municipiul,Cluj-Napoca,Cluj,01.01.2019,35778863,5610,11286,21355,396,13577,7382,,97186,,,-64545,200,,0,0,,0,0,0,0,0,COFETĂRIA MĂRGICĂ SRL-D,J12/1032/2016,"Municipiul Cluj-Napoca, Str. FABRICII DE ZAHĂR, Nr. 79, Bloc CZ3, Apartament M7, Județ Cluj,,,,,,,,,,,,,,,,"
Municipiul,Cluj-Napoca,Cluj,01.01.2016,35160500,5630,,31841,31632,,209,,72828,,,-40987,200,,69926,72000,110642,0,38642,0,40768,,ELA & LAVI SRL,J12/3231/2015,"Municipiul Cluj-Napoca, Str. SIMION MUŞAT, Nr. 4, Județ Cluj,,,,,,,,,,,,,,,,,,"
Municipiul,Cluj-Napoca,Cluj,01.01.2016,25999417,5610,511887,1165862,122313,1025544,18005,162604,3043466,,,-1203113,250000,,1824271,2084319,2351851,0,267532,0,267532,16,MORE THINGS CREATION SRL,J12/1854/2012,"Municipiul Cluj-Napoca, B-dul 21 DECEMBRIE 1989, Nr. 17, Apartament 10, Județ Cluj,,,,,,,,,,,,,,,,,,,,,,"
Municipiul,Turda,Cluj,01.01.2018,31322812,5610,51163,869110,67497,497397,304216,,195428,,,724845,200,,4041078,4057170,3291693,765477,0,724605,0,29,CLASIQ WINE SRL,J12/699/2013,"Municipiul Turda, Str. Dealul Viilor, Nr. 2, Județ Cluj,,,,,,,,,,,,,,,,,,,,,,,,,,"
Municipiul,Turda,Cluj,01.01.2019,31322812,5610,78704,631265,66251,503269,61745,150,158404,,,551715,200,,4231800,4274183,3681170,593013,0,551475,0,23,CLASIQ WINE SRL,J12/699/2013,"Municipiul Turda, Str. Dealul Viilor, Nr. 2, Județ Cluj,,,,,,,,,,,,,,,,,,,,,,,,,,"
Municipiul,Turda,Cluj,01.01.2016,31322812,5610,74027,226464,100708,102687,23069,,120879,,,179612,200,,2690814,2690898,2345876,345022,0,311869,0,27,CLASIQ WINE SRL,J12/699/2013,"Municipiul Turda, Str. Dealul Viilor, Nr. 2, Județ Cluj,,,,,,,,,,,,,,,,,,,,,,,,,,"
Municipiul,Turda,Cluj,01.01.2017,31322812,5610,57827,358617,76861,253619,28137,,186672,,,229772,200,,3237467,3247446,2996107,251339,0,220968,0,31,CLASIQ WINE SRL,J12/699/2013,"Municipiul Turda, Str. Dealul Viilor, Nr. 2, Județ Cluj,,,,,,,,,,,,,,,,,,,,,,,,,,"
Municipiul,Cluj-Napoca,Cluj,01.01.2016,31276511,5630,1445,197664,66671,10926,120067,,97409,,,101700,200,,873500,873700,861902,11798,0,8719,0,10,BEAM CAFE SRL,J12/573/2013,"Municipiul Cluj-Napoca, Str. GEORGE COŞBUC, Nr. 14, Apartament 1, Județ Cluj,,,,,,,,,,,,,,,,,,,,,,,,,"
Municipiul,Cluj-Napoca,Cluj,01.01.2017,31276511,5630,11557,484967,109566,,375401,,97852,,,398672,200,,1169879,1169998,861367,308631,0,296931,0,10,BEAM CAFE SRL,J12/573/2013,"Municipiul Cluj-Napoca, Str. GEORGE COŞBUC, Nr. 14, Apartament 1, Județ Cluj,,,,,,,,,,,,,,,,,,,,,,,,,"
Municipiul,Cluj-Napoca,Cluj,01.01.2018,31197400,5610,650923,2014614,79774,123967,1810873,1348,144608,,,2522277,200,,2824700,2824700,1718718,1105982,0,1077735,0,19,SINED TOP SRL,J12/356/2013,"Municipiul Cluj-Napoca, Str. BOGDAN PETRICEICU HAŞDEU, Nr. 1, Județ Cluj,,,,,,,,,,,,,,,,,,,,,,,,,,"
Municipiul,Cluj-Napoca,Cluj,01.01.2019,31197400,5610,1177497,1019280,92662,890827,35791,13285,425479,143880,,1640703,200,,2904216,2945959,2010810,935149,0,906091,0,20,SINED TOP SRL,J12/356/2013,"Municipiul Cluj-Napoca, Str. BOGDAN PETRICEICU HAŞDEU, Nr. 1, Județ Cluj,,,,,,,,,,,,,,,,,,,,,,,,,,"
Municipiul,Cluj-Napoca,Cluj,01.01.2016,31197400,5610,389640,646803,33791,15017,597995,,102336,,,934107,200,,2478653,2478653,2139829,338824,0,284612,0,,SINED TOP SRL,J12/356/2013,"Municipiul Cluj-Napoca, Str. BOGDAN PETRICEICU HAŞDEU, Nr. 1, Județ Cluj,,,,,,,,,,,,,,,,,,,,,,,,,,"
Municipiul,Câmpia,Cluj,01.01.2016,34488810,5630,,88,,,88,,2710,,,-2622,200,,2256,2256,2786,0,530,0,597,0,AMY & ALFRED SRL,J12/1383/2015,"Municipiul Câmpia Turzii, Str. CIOCÎRLIEI, Nr. 32, Județ Cluj,,,,,,,,,,,,,,,,,,"
Municipiul,Câmpia,Cluj,01.01.2017,34488810,5630,,88,,,88,,2710,,,-2622,200,,0,0,,0,0,0,0,,AMY & ALFRED SRL,J12/1383/2015,"Municipiul Câmpia Turzii, Str. CIOCÎRLIEI, Nr. 32, Județ Cluj,,,,,,,,,,,,,,,,,,"
Sat,Baciu,Cluj,01.01.2018,32022716,5610,7935,,,,,,2323,,,5612,,,0,0,0,0,0,0,0,,EVILIA CAR SRL,J12/2268/2013,"Sat Baciu, Comuna Baciu, Str. COLINEI, Nr. 2, Județ Cluj,,,,,,,,,,,,,,,,,"
Sat,Baciu,Cluj,01.01.2019,32022716,5610,,3500,,,3500,,2428,,,1072,,,0,0,0,0,0,0,0,,EVILIA CAR SRL,J12/2268/2013,"Sat Baciu, Comuna Baciu, Str. COLINEI, Nr. 2, Județ Cluj,,,,,,,,,,,,,,,,,"
Municipiul,Cluj-Napoca,Cluj,01.01.2019,32736022,5610,550,1286,,,1286,,501751,,,-499915,200,,6461,6639,62223,0,55584,0,55649,,PANORAMIC CHIC SRL,J12/287/2014,"Municipiul Cluj-Napoca, Str. PATRICIU BARBU, Nr. 64B, Județ Cluj,,,,,,,,,,,,,,,,"
Municipiul,Cluj-Napoca,Cluj,01.01.2019,37722664,5610,195310,519,329,,190,,140658,195640,,-140469,200,,0,0,110556,0,110556,0,110556,4,NORSENLAG SRL,J12/3464/2017,"Municipiul Cluj-Napoca, Str. BRAŞOV, Nr. 56A, Județ Cluj,,,,,,,,,,,,,,,,,"
Municipiul,Cluj-Napoca,Cluj,01.01.2019,38227303,5610,692294,772560,431847,273514,67199,,504879,,,959975,200,,4345356,4346773,3505871,840902,0,797840,0,19,MARTY SUN PLAZZA SRL,J12/5632/2017,"Municipiul Cluj-Napoca, Str. DR. VICTOR BABEŞ, Nr. 39, Județ Cluj,,,,,,,,,,,,,,,,,"
Sat,Negreni,Cluj,01.01.2019,40937582,5630,,26531,10803,14749,979,,67340,,,-40809,200,,227584,227584,266317,0,38733,0,41009,2,NISAGEO TRADE S.R.L.,J12/1555/2019,"Sat Negreni, Comuna Negreni, Nr. 262, Județ Cluj,,,,,,,,,,,,,,,,,"
Municipiul,Cluj-Napoca,Cluj,01.01.2018,36469335,5630,794194,739866,98769,523606,117491,76973,1214293,38355,,358385,300,,5188305,5204553,4580508,624045,0,576350,0,31,FORM SPACE EVENTS SRL,J12/3213/2016,"Municipiul Cluj-Napoca, Aleea STADIONULUI, Nr. 2, Județ Cluj,,,,,,,,,,,,,,,,,,"
Municipiul,Cluj-Napoca,Cluj,01.01.2019,36469335,5630,752801,1005824,211108,680061,114655,753434,2821013,241907,,-550861,300,,7631895,7675269,8537573,0,862304,0,909246,54,FORM SPACE EVENTS SRL,J12/3213/2016,"Municipiul Cluj-Napoca, Aleea STADIONULUI, Nr. 2, Județ Cluj,,,,,,,,,,,,,,,,,,"
Municipiul,Cluj-Napoca,Cluj,01.01.2018,36373957,5630,2777659,988041,778617,188695,20729,0,3803172,,,-37472,10000,,3142557,3180059,3073487,106572,0,74762,0,25,NARCOFFEE ROASTERS SRL,J12/2904/2016,"Municipiul Cluj-Napoca, P-ţa 1 MAI, Nr. 4-5, Județ Cluj,,,,,,,,,,,,,,,,,,"
Municipiul,Cluj-Napoca,Cluj,01.01.2019,36373957,5630,5609315,1680078,1299020,306528,74530,,4003787,,,3285606,3000000,,5144683,5290116,4785225,504891,0,451989,0,35,NARCOFFEE ROASTERS SRL,J12/2904/2016,"Municipiul Cluj-Napoca, P-ţa 1 MAI, Nr. 4-5, Județ Cluj,,,,,,,,,,,,,,,,,,"
Municipiul,Cluj-Napoca,Cluj,01.01.2017,36373957,5630,1918832,861248,244885,496945,119418,340000,3232314,,,-112234,10000,,1765332,1765636,1744949,20687,0,3233,0,22,NARCOFFEE ROASTERS SRL,J12/2904/2016,"Municipiul Cluj-Napoca, P-ţa 1 MAI, Nr. 4-5, Județ Cluj,,,,,,,,,,,,,,,,,,"
Municipiul,Cluj-Napoca,Cluj,01.01.2018,34776562,5610,18130,146844,35170,10308,101366,,97357,,,67617,200,,642793,642793,568097,74696,0,68625,0,20,CROMAS ABRIA SRL,J12/2152/2015,"Municipiul Cluj-Napoca, P-ţa LUCIAN BLAGA, Nr. 2, Apartament 74, Județ Cluj,,,,,,,,,,,,,,,,,"
Municipiul,Cluj-Napoca,Cluj,01.01.2019,34776562,5610,14098,378819,37011,4026,337782,,115749,,,277168,200,,1541061,1541061,1316100,224961,0,209551,0,20,CROMAS ABRIA SRL,J12/2152/2015,"Municipiul Cluj-Napoca, P-ţa LUCIAN BLAGA, Nr. 2, Apartament 74, Județ Cluj,,,,,,,,,,,,,,,,,"
Municipiul,Cluj-Napoca,Cluj,01.01.2018,28191334,5630,,5637,,603,5034,,54670,,,-49033,200,,0,0,63,0,63,0,63,,BOROBORO SRL,J12/883/2016,"Municipiul Cluj-Napoca, Str. ALEXANDRU VAIDA VOEVOD, Nr. 14, Apartament 35, Județ Cluj,,,,,,,,,,,,,,,,,"
Municipiul,Cluj-Napoca,Cluj,01.01.2019,28191334,5630,158,17166,7039,2747,7380,,64938,,,-47614,200,,11500,11500,9966,1534,0,1419,0,1,BOROBORO SRL,J12/883/2016,"Municipiul Cluj-Napoca, Str. ALEXANDRU VAIDA VOEVOD, Nr. 14, Apartament 35, Județ Cluj,,,,,,,,,,,,,,,,,"
Municipiul,Cluj-Napoca,Cluj,01.01.2016,28191334,5630,,-175,603,-2500,1722,,23768,,,-23943,200,,457068,457068,453295,3773,0,0,760,,BOROBORO SRL,J12/883/2016,"Municipiul Cluj-Napoca, Str. ALEXANDRU VAIDA VOEVOD, Nr. 14, Apartament 35, Județ Cluj,,,,,,,,,,,,,,,,,"
Municipiul,Cluj-Napoca,Cluj,01.01.2017,28191334,5630,,5700,0,603,5097,,54670,,,-48970,200,,0,0,25027,0,25027,0,25027,0,BOROBORO SRL,J12/883/2016,"Municipiul Cluj-Napoca, Str. ALEXANDRU VAIDA VOEVOD, Nr. 14, Apartament 35, Județ Cluj,,,,,,,,,,,,,,,,,"
Municipiul,Cluj-Napoca,Cluj,01.01.2018,35480467,5610,,19633,5452,2329,11852,,71436,,,-51803,200,,294350,294350,271444,22906,0,19808,0,5,IST CAFE SRL,J12/264/2016,"Municipiul Cluj-Napoca, Str. ALEXANDRU VAIDA VOEVOD, Nr. 14, Apartament 35, Județ Cluj,,,,,,,,,,,,,,,,,"
Municipiul,Cluj-Napoca,Cluj,01.01.2016,35480467,5610,,70,,,70,,21013,,,-20943,200,,256241,256241,465203,0,208962,0,214788,,IST CAFE SRL,J12/264/2016,"Municipiul Cluj-Napoca, Str. ALEXANDRU VAIDA VOEVOD, Nr. 14, Apartament 35, Județ Cluj,,,,,,,,,,,,,,,,,"
Municipiul,Cluj-Napoca,Cluj,01.01.2017,35480467,5610,,2151,,2068,83,,73761,,,-71610,200,,0,0,11891,0,11891,0,11891,0,IST CAFE SRL,J12/264/2016,"Municipiul Cluj-Napoca, Str. ALEXANDRU VAIDA VOEVOD, Nr. 14, Apartament 35, Județ Cluj,,,,,,,,,,,,,,,,,"
Municipiul,Cluj-Napoca,Cluj,01.01.2016,34980855,5610,62629,12648,10144,3,2501,,55979,,,19298,200,,245269,307852,283721,24131,0,16710,0,1,OTEN V&B S.R.L.,J12/2698/2015,"Municipiul Cluj-Napoca, Str. ARIEŞULUI, Nr. 31, Bloc 8, Scara 4, Etaj 4, Apartament 40, Județ Cluj,,,,,,,,,,,,,,"
Municipiul,Cluj-Napoca,Cluj,01.01.2017,35512399,5610,508,4400,4178,,222,,14771,,,-9863,200,,26312,26312,36027,0,9715,0,10063,1,ADC OFELIA SRL,J12/339/2016,"Municipiul Cluj-Napoca, Str. ARINILOR, Nr. 19, Apartament 23, Județ Cluj,,,,,,,,,,,,,,,,,"
Municipiul,Cluj-Napoca,Cluj,01.01.2018,35253758,5610,2147254,2783203,149459,1484148,1149596,140568,8159303,22985,0,-3111263,500,0,13352007,13379576,13840723,0,461147,0,616641,96,EVERTOGETHER SRL,J12/3538/2015,"Municipiul Cluj-Napoca, Str. BIHORULUI, Nr. 10, Județ Cluj,,,,,,,,,,,,,,,,,,"
Municipiul,Cluj-Napoca,Cluj,01.01.2019,35253758,5610,837610,2863384,172777,1988063,702544,17964,5072149,,,-1353191,500,,19018135,19544821,17605005,1939816,0,1758072,0,97,EVERTOGETHER SRL,J12/3538/2015,"Municipiul Cluj-Napoca, Str. BIHORULUI, Nr. 10, Județ Cluj,,,,,,,,,,,,,,,,,,"
Municipiul,Cluj-Napoca,Cluj,01.01.2017,35253758,5610,2781006,2044372,285674,1445216,313482,75401,7320733,74768,0,-2494722,400,0,8379961,8429272,10318120,0,1888848,0,1997942,102,EVERTOGETHER SRL,J12/3538/2015,"Municipiul Cluj-Napoca, Str. BIHORULUI, Nr. 10, Județ Cluj,,,,,,,,,,,,,,,,,,"
Municipiul,Cluj-Napoca,Cluj,01.01.2018,36850754,5610,,6579,5359,936,284,,12135,,,-5556,200,,809,809,697,112,0,112,0,,AQUA IDUNNA SRL,J12/4411/2016,"Municipiul Cluj-Napoca, Str. DONATH, Nr. 170, Bloc A11, Etaj V, Apartament 23, Județ Cluj,,,,,,,,,,,,,,,"
Municipiul,Cluj-Napoca,Cluj,01.01.2019,36850754,5610,,50830,,1588,49242,,36852,,,13978,200,,115367,115367,94699,20668,0,19533,0,1,AQUA IDUNNA SRL,J12/4411/2016,"Municipiul Cluj-Napoca, Str. DONATH, Nr. 170, Bloc A11, Etaj V, Apartament 23, Județ Cluj,,,,,,,,,,,,,,,"
Municipiul,Cluj-Napoca,Cluj,01.01.2017,36850754,5610,354,6610,5481,949,180,,12602,,,-5638,200,,0,1,5839,0,5838,0,5838,1,AQUA IDUNNA SRL,J12/4411/2016,"Municipiul Cluj-Napoca, Str. DONATH, Nr. 170, Bloc A11, Etaj V, Apartament 23, Județ Cluj,,,,,,,,,,,,,,,"
Municipiul,Cluj-Napoca,Cluj,01.01.2018,36651140,5621,,63228,38182,9783,15263,,29761,,,33467,200,,298757,298757,282850,15907,0,13008,0,2,INSALADA EVENTS SRL,J12/3775/2016,"Municipiul Cluj-Napoca, Str. EUGEN IONESCO, Nr. 107, Apartament 6, Județ Cluj,,,,,,,,,,,,,,,,,"
Municipiul,Cluj-Napoca,Cluj,01.01.2019,36651140,5621,,120621,,7143,113478,,19026,,,101595,200,,228117,228117,158518,69599,0,68129,0,0,INSALADA EVENTS SRL,J12/3775/2016,"Municipiul Cluj-Napoca, Str. EUGEN IONESCO, Nr. 107, Apartament 6, Județ Cluj,,,,,,,,,,,,,,,,,"
Municipiul,Cluj-Napoca,Cluj,01.01.2016,35297444,5621,,819,,,819,,14327,,,-13508,200,,8618,8319,21403,0,13084,0,13358,,ALLQFOOD SRL,J12/3671/2015,"Municipiul Cluj-Napoca, Str. LĂCRĂMIOARELOR, Nr. 2, Județ Cluj,,,,,,,,,,,,,,,,,,"
Municipiul,Cluj-Napoca,Cluj,01.01.2017,35297444,5621,,819,,,819,,14327,,,-13508,200,,0,0,,0,0,0,0,,ALLQFOOD SRL,J12/3671/2015,"Municipiul Cluj-Napoca, Str. LĂCRĂMIOARELOR, Nr. 2, Județ Cluj,,,,,,,,,,,,,,,,,,"
Municipiul,Cluj-Napoca,Cluj,01.01.2016,35208625,5610,244,92870,254,61554,31062,,21430,,,71684,200,,124558,124558,51328,73230,0,71484,0,,BEST EVENTS HALL SRL,J12/3381/2015,"Municipiul Cluj-Napoca, Str. MIKSZATH KALMAN, Nr. 9, Județ Cluj,,,,,,,,,,,,,,,,,,"
Municipiul,Cluj-Napoca,Cluj,01.01.2018,35871589,5610,1942149,917213,41733,734511,140969,,1938542,2175119,,-1254299,200,,3383865,5596956,7002807,0,1405851,0,1430706,38,INORI SRL,J12/1295/2016,"Municipiul Cluj-Napoca, Str. RAŢIU IOAN, Nr. 10-12, Apartament 1, Județ Cluj,,,,,,,,,,,,,,,,,"
Municipiul,Cluj-Napoca,Cluj,01.01.2019,35871589,5610,1922542,978337,32640,540550,405147,,2158997,2038375,,-1296493,500400,,3098042,3825840,4310104,0,484264,0,542395,48,INORI SRL,J12/1295/2016,"Municipiul Cluj-Napoca, Str. RAŢIU IOAN, Nr. 10-12, Apartament 1, Județ Cluj,,,,,,,,,,,,,,,,,"
Municipiul,Cluj-Napoca,Cluj,01.01.2016,36606220,5610,19388,16897,14362,,2535,,103793,,,-67508,200,,52095,71929,139115,0,67186,0,67708,8,ITALIAN BISTRO SRL,J12/3626/2016,"Municipiul Cluj-Napoca, Str. TRAIAN VUIA, Nr. 152, Județ Cluj,,,,,,,,,,,,,,,,,,"
Municipiul,Cluj-Napoca,Cluj,01.01.2016,34936264,5610,,194194,10851,180000,3343,,18364,,,175830,200,,903323,903323,724970,178353,0,169278,0,9,SILVIU & RAMONA SRL,J12/2573/2015,"Municipiul Cluj-Napoca, Str. VIORELELOR, Nr. 9, Apartament 30, Județ Cluj,,,,,,,,,,,,,,,,,"
Municipiul,Dej,Cluj,01.01.2018,35274149,5630,658,2538,,2205,333,,5037,,,-1841,200,,45116,45116,52003,0,6887,0,7384,1,BUSY SPACE SRL,J12/3596/2015,"Municipiul Dej, Aleea TOMIS, Nr. 11, Bloc I60, Scara A, Apartament 11, Județ Cluj,,,,,,,,,,,,,,,"
Municipiul,Dej,Cluj,01.01.2019,35274149,5630,658,32,,,32,,3405,,,-2715,200,,0,0,873,0,873,0,873,,BUSY SPACE SRL,J12/3596/2015,"Municipiul Dej, Aleea TOMIS, Nr. 11, Bloc I60, Scara A, Apartament 11, Județ Cluj,,,,,,,,,,,,,,,"
Municipiul,Dej,Cluj,01.01.2016,35274149,5630,658,24883,2105,15000,7778,,5255,,,20286,200,,51330,51330,29617,21713,0,20562,0,2,BUSY SPACE SRL,J12/3596/2015,"Municipiul Dej, Aleea TOMIS, Nr. 11, Bloc I60, Scara A, Apartament 11, Județ Cluj,,,,,,,,,,,,,,,"
Municipiul,Dej,Cluj,01.01.2017,35274149,5630,658,8844,2105,4000,2739,,3959,,,5543,200,,0,0,14743,0,14743,0,14743,1,BUSY SPACE SRL,J12/3596/2015,"Municipiul Dej, Aleea TOMIS, Nr. 11, Bloc I60, Scara A, Apartament 11, Județ Cluj,,,,,,,,,,,,,,,"
Municipiul,Dej,Cluj,01.01.2016,36246295,5630,447,3253,2955,,298,,3500,,,200,200,,0,0,,0,0,0,0,,MAI TAI FULL BAR SRL,J12/2458/2016,"Municipiul Dej, Str. ANTAL NAGY BUDAI, Nr. 6, Județ Cluj,,,,,,,,,,,,,,,,,,"
Municipiul,Cluj-Napoca,Cluj,01.01.2019,31402008,5610,62034,1041223,215046,411083,415094,894304,543332,27311,,1426918,300,,5983941,5986656,4482728,1503928,0,1426600,0,42,GRĂDINA DE VARĂ BOEMA SRL,J12/926/2013,"Municipiul Cluj-Napoca, Str. IULIU MANIU, Nr. 34, Județ Cluj,,,,,,,,,,,,,,,,,,,,,,,,,,"
Municipiul,Cluj-Napoca,Cluj,01.01.2016,31402008,5610,188260,581729,264658,216499,100572,1603324,945535,20833,0,1406945,300,,5506374,5506498,4784525,721973,0,600003,0,50,GRĂDINA DE VARĂ BOEMA SRL,J12/926/2013,"Municipiul Cluj-Napoca, Str. IULIU MANIU, Nr. 34, Județ Cluj,,,,,,,,,,,,,,,,,,,,,,,,,,"
Municipiul,Cluj-Napoca,Cluj,01.01.2018,31408310,5630,,,,,,,54650,,,-54650,250,,0,0,,0,0,0,0,0,STABAC SRL,J12/944/2013,"Municipiul Cluj-Napoca, Str. TELEORMAN, Nr. 15-17, Apartament 36, Județ Cluj,,,,,,,,,,,,,,,,,,,,,,,,,"
Municipiul,Cluj-Napoca,Cluj,01.01.2016,31408310,5630,,191,,,191,,54841,,,-54650,250,,158105,158106,177607,0,19501,0,21083,2,STABAC SRL,J12/944/2013,"Municipiul Cluj-Napoca, Str. TELEORMAN, Nr. 15-17, Apartament 36, Județ Cluj,,,,,,,,,,,,,,,,,,,,,,,,,"
Municipiul,Cluj-Napoca,Cluj,01.01.2017,31408310,5630,,0,,,0,,21607,,,-21607,250,,0,0,,0,0,0,0,0,STABAC SRL,J12/944/2013,"Municipiul Cluj-Napoca, Str. TELEORMAN, Nr. 15-17, Apartament 36, Județ Cluj,,,,,,,,,,,,,,,,,,,,,,,,,"
Municipiul,Cluj-Napoca,Cluj,01.01.2019,31643898,5610,122238,1100550,129112,117771,853667,,165573,,,1057215,200,,3756404,3790821,2892380,898441,0,862497,0,16,SULTAN BOX S.R.L.,J12/1571/2013,"Municipiul Cluj-Napoca, Str. MEMORANDUMULUI, Nr. 4, Apartament 9, Județ Cluj,,,,,,,,,,,,,,,,,,,,,,,,,"
Municipiul,Cluj-Napoca,Cluj,01.01.2016,31408361,5630,6678,108503,88295,20207,1,,163118,,,-47937,200,,127928,127928,146202,0,18274,0,20832,1,L & M COM IMPEX SRL,J12/939/2013,"Municipiul Cluj-Napoca, Str. MEHEDINŢI, Nr. 50-52, Bloc D6, Scara I, Etaj IV, Apartament 30, Județ Cluj,,,,,,,,,,,,,,,,,,,,,,"
Municipiul,Cluj-Napoca,Cluj,01.01.2018,31546232,5621,,14313,109,9195,5009,,633,,,13680,200,,0,0,,0,0,0,0,,INDOR CHEF SRL-D,J12/1298/2013,"Municipiul Cluj-Napoca, P-ţa 1 MAI, Nr. 4-5, Județ Cluj,,,,,,,,,,,,,,,,,,,,,,,,,"
Municipiul,Cluj-Napoca,Cluj,01.01.2019,31546232,5621,,14313,109,9195,5009,,633,,,13680,200,,0,0,,0,0,0,0,,INDOR CHEF SRL-D,J12/1298/2013,"Municipiul Cluj-Napoca, P-ţa 1 MAI, Nr. 4-5, Județ Cluj,,,,,,,,,,,,,,,,,,,,,,,,,"
Municipiul,Cluj-Napoca,Cluj,01.01.2016,31546232,5621,,14313,109,9195,5009,,633,,,13680,200,,2600,2600,,2600,0,2522,0,,INDOR CHEF SRL-D,J12/1298/2013,"Municipiul Cluj-Napoca, P-ţa 1 MAI, Nr. 4-5, Județ Cluj,,,,,,,,,,,,,,,,,,,,,,,,,"
Municipiul,Cluj-Napoca,Cluj,01.01.2017,31546232,5621,,14313,109,9195,5009,,633,,,13680,200,,0,0,,0,0,0,0,,INDOR CHEF SRL-D,J12/1298/2013,"Municipiul Cluj-Napoca, P-ţa 1 MAI, Nr. 4-5, Județ Cluj,,,,,,,,,,,,,,,,,,,,,,,,,"
Municipiul,Cluj-Napoca,Cluj,01.01.2018,31546194,5621,210200,264947,103140,115769,46038,,6931,,,468216,200,,217320,217320,176202,41118,0,38945,0,4,TUHARMA S.R.L.,J12/1306/2013,"Municipiul Cluj-Napoca, P-ţa 1 MAI, Nr. 4-5, Județ Cluj,,,,,,,,,,,,,,,,,,,,,,,,,,"
Municipiul,Cluj-Napoca,Cluj,01.01.2019,31546194,5621,210200,310435,53031,134420,122984,,8239,,,512396,200,,107902,107902,61936,45966,0,44180,0,1,TUHARMA S.R.L.,J12/1306/2013,"Municipiul Cluj-Napoca, P-ţa 1 MAI, Nr. 4-5, Județ Cluj,,,,,,,,,,,,,,,,,,,,,,,,,,"
Municipiul,Cluj-Napoca,Cluj,01.01.2016,31546194,5621,210200,196898,103140,42389,51369,,8861,,,398237,200,,166712,166712,135183,31529,0,29461,0,5,TUHARMA S.R.L.,J12/1306/2013,"Municipiul Cluj-Napoca, P-ţa 1 MAI, Nr. 4-5, Județ Cluj,,,,,,,,,,,,,,,,,,,,,,,,,,"
Municipiul,Cluj-Napoca,Cluj,01.01.2017,31546194,5621,210200,240585,188140,3437,49008,,21514,,,429271,200,,200000,200000,166966,33034,0,31034,0,5,TUHARMA S.R.L.,J12/1306/2013,"Municipiul Cluj-Napoca, P-ţa 1 MAI, Nr. 4-5, Județ Cluj,,,,,,,,,,,,,,,,,,,,,,,,,,"
Municipiul,Cluj-Napoca,Cluj,01.01.2018,31420969,5610,26090,55736,13935,36000,5801,,108047,,,-26221,200,,0,0,,0,0,0,0,,LUCKY FOOD SRL-D,J12/986/2013,"Municipiul Cluj-Napoca, Str. ROMULUS VUIA, Nr. 152, Apartament 2, Județ Cluj,,,,,,,,,,,,,,,,,,,,,,,,"
Municipiul,Cluj-Napoca,Cluj,01.01.2019,31420969,5610,26090,55736,13935,36000,5801,,108047,,,-26221,200,,0,0,,0,0,0,0,,LUCKY FOOD SRL-D,J12/986/2013,"Municipiul Cluj-Napoca, Str. ROMULUS VUIA, Nr. 152, Apartament 2, Județ Cluj,,,,,,,,,,,,,,,,,,,,,,,,"
Municipiul,Cluj-Napoca,Cluj,01.01.2016,31420969,5610,26090,55736,13935,36000,5801,,108047,,,-26221,200,,5800,5800,19114,0,13314,0,13430,2,LUCKY FOOD SRL-D,J12/986/2013,"Municipiul Cluj-Napoca, Str. ROMULUS VUIA, Nr. 152, Apartament 2, Județ Cluj,,,,,,,,,,,,,,,,,,,,,,,,"
Municipiul,Cluj-Napoca,Cluj,01.01.2017,31420969,5610,26090,55736,13935,36000,5801,,108047,,,-26221,200,,0,0,,0,0,0,0,,LUCKY FOOD SRL-D,J12/986/2013,"Municipiul Cluj-Napoca, Str. ROMULUS VUIA, Nr. 152, Apartament 2, Județ Cluj,,,,,,,,,,,,,,,,,,,,,,,,"
Municipiul,Cluj-Napoca,Cluj,01.01.2016,31421000,5610,,116211,,116265,-54,,109884,,,6327,200,,131659,133337,288223,0,154886,0,157603,,VIDFM S.R.L.,J12/983/2013,"Municipiul Cluj-Napoca, Str. LĂCRĂMIOARELOR, Nr. 2, Județ Cluj,,,,,,,,,,,,,,,,,,,,,,,,,,"
Municipiul,Cluj-Napoca,Cluj,01.01.2018,31355550,5610,839004,205356,186670,346,18340,,881549,,,162811,1300,,1886385,1888244,1631060,257184,0,221714,0,14,MA IMPRESSION SRL,J12/787/2013,"Municipiul Cluj-Napoca, P-ţa 1 MAI, Nr. 4-5, Județ Cluj,,,,,,,,,,,,,,,,,,,,,,,,,,"
Municipiul,Cluj-Napoca,Cluj,01.01.2019,31355550,5610,732580,401381,221862,626,178893,,622022,,,511939,1300,,3062412,3063748,2679151,384597,0,349128,0,15,MA IMPRESSION SRL,J12/787/2013,"Municipiul Cluj-Napoca, P-ţa 1 MAI, Nr. 4-5, Județ Cluj,,,,,,,,,,,,,,,,,,,,,,,,,,"
Municipiul,Cluj-Napoca,Cluj,01.01.2016,31355550,5610,133716,104327,28917,14042,61368,,423829,,,-185786,1200,,1459654,1459654,1276005,183649,0,183606,0,15,MA IMPRESSION SRL,J12/787/2013,"Municipiul Cluj-Napoca, P-ţa 1 MAI, Nr. 4-5, Județ Cluj,,,,,,,,,,,,,,,,,,,,,,,,,,"
Municipiul,Cluj-Napoca,Cluj,01.01.2017,31355550,5610,146474,531364,308384,193770,29210,,736741,,,-58903,1300,,569588,569588,407335,162253,0,126783,0,9,MA IMPRESSION SRL,J12/787/2013,"Municipiul Cluj-Napoca, P-ţa 1 MAI, Nr. 4-5, Județ Cluj,,,,,,,,,,,,,,,,,,,,,,,,,,"
Municipiul,Cluj-Napoca,Cluj,01.01.2018,39378762,5610,,676,,,676,,5000,,,-4324,200,,342,342,4856,0,4514,0,4524,2,TRIO FRIENDS S.R.L.,J12/2102/2018,"Municipiul Cluj-Napoca, Str. ALEXANDRU VAIDA VOEVOD, Nr. 70, Apartament 40, Județ Cluj,,,,,,,,,,,,,,,,"
Municipiul,Cluj-Napoca,Cluj,01.01.2019,39378762,5610,,500,,,500,,5887,,,-5387,200,,0,0,1063,0,1063,0,1063,,TRIO FRIENDS S.R.L.,J12/2102/2018,"Municipiul Cluj-Napoca, Str. ALEXANDRU VAIDA VOEVOD, Nr. 70, Apartament 40, Județ Cluj,,,,,,,,,,,,,,,,"
Municipiul,Cluj-Napoca,Cluj,01.01.2017,37447033,5610,2490,49911,4947,,44964,1779,14451,,,39729,200,,227102,227102,185307,41795,0,39529,0,2,MAGEDI CONCEPT SRL,J12/1926/2017,"Municipiul Cluj-Napoca, Str. TURNU ROŞU, Nr. 24, Județ Cluj,,,,,,,,,,,,,,,,,"
Sat,Floreşti,Cluj,01.01.2018,30987087,5630,,5419,,,5419,,18108,,,-12689,200,,5400,5400,,5400,0,5238,0,,CARUSEL TRANSILVANIA SRL,J12/3271/2012,"Sat Floreşti, Comuna Floreşti, Str. PROF. I. OLTEANU, Nr. 27, Județ Cluj,,,,,,,,,,,,,,,,,"
Sat,Floreşti,Cluj,01.01.2019,30987087,5630,,11319,,,11319,,18115,,,-6796,200,,5900,5900,,5900,0,5732,0,,CARUSEL TRANSILVANIA SRL,J12/3271/2012,"Sat Floreşti, Comuna Floreşti, Str. PROF. I. OLTEANU, Nr. 27, Județ Cluj,,,,,,,,,,,,,,,,,"
Sat,Floreşti,Cluj,01.01.2016,30987087,5630,,19,,,19,,17946,,,-17927,200,,0,0,,0,0,0,0,,CARUSEL TRANSILVANIA SRL,J12/3271/2012,"Sat Floreşti, Comuna Floreşti, Str. PROF. I. OLTEANU, Nr. 27, Județ Cluj,,,,,,,,,,,,,,,,,"
Sat,Floreşti,Cluj,01.01.2017,30987087,5630,,19,,,19,,17946,,,-17927,200,,0,0,,0,0,0,0,,CARUSEL TRANSILVANIA SRL,J12/3271/2012,"Sat Floreşti, Comuna Floreşti, Str. PROF. I. OLTEANU, Nr. 27, Județ Cluj,,,,,,,,,,,,,,,,,"
Sat,Dîrja,Cluj,01.01.2016,32088788,5610,,57309,57247,,62,,46244,,,11065,200,,0,0,,0,0,0,0,,RMA GABY SRL-D,J12/2453/2013,"Sat Dîrja, Comuna Panticeu, Nr. 119, Județ Cluj,,,,,,,,,,,,,,,,"
Sat,Dîrja,Cluj,01.01.2017,32088788,5610,,57309,57247,,62,,46244,,,11065,200,,0,0,,0,0,0,0,,RMA GABY SRL-D,J12/2453/2013,"Sat Dîrja, Comuna Panticeu, Nr. 119, Județ Cluj,,,,,,,,,,,,,,,,"
Municipiul,Dej,Cluj,01.01.2018,35497965,5610,389,24458,6943,13544,3971,,12619,,,12228,200,,97783,100959,102954,0,1995,0,5030,1,ANTO MADA CAFE SRL-D,J12/302/2016,"Municipiul Dej, Str. BISTRIŢEI, Nr. 63A, Județ Cluj,,,,,,,,,,,,,,,,,"
Municipiul,Dej,Cluj,01.01.2019,35497965,5610,389,17745,8594,323,8828,,19001,,,-867,200,,78905,78905,91207,0,12302,0,13095,1,ANTO MADA CAFE SRL-D,J12/302/2016,"Municipiul Dej, Str. BISTRIŢEI, Nr. 63A, Județ Cluj,,,,,,,,,,,,,,,,,"
Municipiul,Cluj-Napoca,Cluj,01.01.2018,31536077,5629,164518,414083,45778,337397,30908,,23407,250000,,305194,200,,216410,216410,183201,33209,0,31709,0,4,PRIME GELATO SRL-D,J12/1281/2013,"Municipiul Cluj-Napoca, P-ţa 1 MAI, Nr. 4-5, Județ Cluj,,,,,,,,,,,,,,,,,,,,,,,,,"
Municipiul,Cluj-Napoca,Cluj,01.01.2019,31536077,5629,464261,518970,117880,96659,304431,,427720,218585,,336926,200,,318971,350386,315465,34921,0,31731,0,14,PRIME GELATO SRL-D,J12/1281/2013,"Municipiul Cluj-Napoca, P-ţa 1 MAI, Nr. 4-5, Județ Cluj,,,,,,,,,,,,,,,,,,,,,,,,,"
Municipiul,Cluj-Napoca,Cluj,01.01.2016,31536077,5629,164517,143258,56798,66209,20251,47249,20606,,,334418,200,,162060,162060,138764,23296,0,19569,0,4,PRIME GELATO SRL-D,J12/1281/2013,"Municipiul Cluj-Napoca, P-ţa 1 MAI, Nr. 4-5, Județ Cluj,,,,,,,,,,,,,,,,,,,,,,,,,"
Municipiul,Cluj-Napoca,Cluj,01.01.2017,31536077,5629,164518,174474,156798,450,17226,47249,21586,,,364655,200,,200000,200000,167763,32237,0,30237,0,4,PRIME GELATO SRL-D,J12/1281/2013,"Municipiul Cluj-Napoca, P-ţa 1 MAI, Nr. 4-5, Județ Cluj,,,,,,,,,,,,,,,,,,,,,,,,,"
Municipiul,Cluj-Napoca,Cluj,01.01.2018,31535969,5621,106922,363080,10560,349585,2935,100427,50665,250000,,269764,200,,217400,217400,175892,41508,0,39334,0,6,DIANAMART SRL-D,J12/1282/2013,"Municipiul Cluj-Napoca, P-ţa 1 MAI, Nr. 4-5, Județ Cluj,,,,,,,,,,,,,,,,,,,,,,,,,"
Municipiul,Cluj-Napoca,Cluj,01.01.2019,31535969,5621,406215,149489,95774,53247,468,100427,126835,218610,,310686,200,,323626,355016,310857,44159,0,40922,0,17,DIANAMART SRL-D,J12/1282/2013,"Municipiul Cluj-Napoca, P-ţa 1 MAI, Nr. 4-5, Județ Cluj,,,,,,,,,,,,,,,,,,,,,,,,,"
Municipiul,Cluj-Napoca,Cluj,01.01.2016,31535969,5621,106922,62574,48844,7877,5853,44427,11471,,,202452,200,,171410,171410,140810,30600,0,26640,0,5,DIANAMART SRL-D,J12/1282/2013,"Municipiul Cluj-Napoca, P-ţa 1 MAI, Nr. 4-5, Județ Cluj,,,,,,,,,,,,,,,,,,,,,,,,,"
Municipiul,Cluj-Napoca,Cluj,01.01.2017,31535969,5621,106922,176070,169992,6077,1,44427,96989,,,230430,200,,200000,200000,170022,29978,0,27978,0,5,DIANAMART SRL-D,J12/1282/2013,"Municipiul Cluj-Napoca, P-ţa 1 MAI, Nr. 4-5, Județ Cluj,,,,,,,,,,,,,,,,,,,,,,,,,"
Sat,Floreşti,Cluj,01.01.2018,31156825,5610,356613,639407,128216,505635,5556,7753,718204,10368,,275201,400,,2649705,2731762,2833295,0,101533,0,127603,11,SALADBOX SRL,J12/257/2013,"Sat Floreşti, Comuna Floreşti, Str. AVRAM IANCU, Nr. 506-508, corp A, Etaj 3, Județ Cluj,,,,,,,,,,,,,,,,,,,,,,,"
Sat,Floreşti,Cluj,01.01.2019,31156825,5610,353318,1996060,198359,1775895,21806,4353,527207,,,1826524,400,,3226262,3257924,1680080,1577844,0,1551323,0,6,SALADBOX SRL,J12/257/2013,"Sat Floreşti, Comuna Floreşti, Str. AVRAM IANCU, Nr. 506-508, corp A, Etaj 3, Județ Cluj,,,,,,,,,,,,,,,,,,,,,,,"
Sat,Floreşti,Cluj,01.01.2016,31156825,5610,402678,543521,148509,265579,129433,30342,421645,91566,,463330,300,,3594343,3688714,3747576,0,58862,0,59742,22,SALADBOX SRL,J12/257/2013,"Sat Floreşti, Comuna Floreşti, Str. AVRAM IANCU, Nr. 506-508, corp A, Etaj 3, Județ Cluj,,,,,,,,,,,,,,,,,,,,,,,"
Sat,Floreşti,Cluj,01.01.2017,31156825,5610,380094,749783,200487,507063,42233,170696,830560,50967,,419046,400,,2977620,3041130,3025987,15143,0,8248,0,13,SALADBOX SRL,J12/257/2013,"Sat Floreşti, Comuna Floreşti, Str. AVRAM IANCU, Nr. 506-508, corp A, Etaj 3, Județ Cluj,,,,,,,,,,,,,,,,,,,,,,,"
Municipiul,Cluj-Napoca,Cluj,01.01.2018,31138381,5630,,11726,,,11726,,0,,,11726,200,,0,0,1116,0,1116,0,1116,0,KIKI CAFE & LOUNGE SRL,J12/211/2013,"Municipiul Cluj-Napoca, Str. BISERICII ORTODOXE, Nr. 4, Județ Cluj,,,,,,,,,,,,,,,,,,,,,,,,,"
Municipiul,Cluj-Napoca,Cluj,01.01.2019,31138381,5630,,2044,,,2044,,0,,,2044,200,,0,0,9682,0,9682,0,9682,,KIKI CAFE & LOUNGE SRL,J12/211/2013,"Municipiul Cluj-Napoca, Str. BISERICII ORTODOXE, Nr. 4, Județ Cluj,,,,,,,,,,,,,,,,,,,,,,,,,"
Municipiul,Cluj-Napoca,Cluj,01.01.2017,31138381,5630,,13009,6457,,6552,,167,,,12842,200,,10733,10733,10342,391,0,69,0,1,KIKI CAFE & LOUNGE SRL,J12/211/2013,"Municipiul Cluj-Napoca, Str. BISERICII ORTODOXE, Nr. 4, Județ Cluj,,,,,,,,,,,,,,,,,,,,,,,,,"
Municipiul,Cluj-Napoca,Cluj,01.01.2018,31256255,5621,725604,281776,257866,,23910,,465536,,,541844,500,,3010875,3011013,2750481,260532,0,242640,0,19,MARTY DELIVERY SRL,J12/533/2013,"Municipiul Cluj-Napoca, P-ţa 1 MAI, Nr. 4-5, Județ Cluj,,,,,,,,,,,,,,,,,,,,,,,,,,"
Municipiul,Cluj-Napoca,Cluj,01.01.2019,31256255,5621,900119,317989,266842,,51147,,251904,,,966204,500,,3750218,3750495,3308243,442252,0,424360,0,18,MARTY DELIVERY SRL,J12/533/2013,"Municipiul Cluj-Napoca, P-ţa 1 MAI, Nr. 4-5, Județ Cluj,,,,,,,,,,,,,,,,,,,,,,,,,,"
Municipiul,Cluj-Napoca,Cluj,01.01.2016,31256255,5621,6057,382160,244553,56264,81343,,264906,,,123311,200,,1593476,1595140,1512358,82782,0,69001,0,18,MARTY DELIVERY SRL,J12/533/2013,"Municipiul Cluj-Napoca, P-ţa 1 MAI, Nr. 4-5, Județ Cluj,,,,,,,,,,,,,,,,,,,,,,,,,,"
Municipiul,Cluj-Napoca,Cluj,01.01.2017,31256255,5621,108885,328780,230466,50846,47468,,138461,,,299204,500,,2567262,2567387,2372912,194475,0,175593,0,17,MARTY DELIVERY SRL,J12/533/2013,"Municipiul Cluj-Napoca, P-ţa 1 MAI, Nr. 4-5, Județ Cluj,,,,,,,,,,,,,,,,,,,,,,,,,,"
Municipiul,Cluj-Napoca,Cluj,01.01.2019,31023128,5630,,,,,,,0,,,0,200,,0,0,,0,0,0,0,,TICARO SRL,J12/3377/2012,"Municipiul Cluj-Napoca, Str. PROF. TUDOR CIORTEA, Nr. 42, Bloc N, Apartament 8, Județ Cluj,,,,,,,,,,,,,,,,,,,,,,,,"
Municipiul,Cluj-Napoca,Cluj,01.01.2018,31256212,5621,1631946,469663,428454,,41209,,966805,,,1134804,200,,6148293,6148585,5247490,901095,0,839609,0,33,MARTY CITY SRL,J12/534/2013,"Municipiul Cluj-Napoca, P-ţa 1 MAI, Nr. 4-5, Județ Cluj,,,,,,,,,,,,,,,,,,,,,,,,,,"
Municipiul,Cluj-Napoca,Cluj,01.01.2019,31256212,5621,2266605,732133,497268,27166,207699,,989468,,,2009270,200,,7021981,7024381,6004886,1019495,0,968150,0,34,MARTY CITY SRL,J12/534/2013,"Municipiul Cluj-Napoca, P-ţa 1 MAI, Nr. 4-5, Județ Cluj,,,,,,,,,,,,,,,,,,,,,,,,,,"
Municipiul,Cluj-Napoca,Cluj,01.01.2017,31256212,5621,1085427,700941,385733,118455,196753,,1491173,,,295195,200,,3230754,3230995,2917224,313771,0,282018,0,31,MARTY CITY SRL,J12/534/2013,"Municipiul Cluj-Napoca, P-ţa 1 MAI, Nr. 4-5, Județ Cluj,,,,,,,,,,,,,,,,,,,,,,,,,,"
Municipiul,Cluj-Napoca,Cluj,01.01.2018,30388371,5630,5116,251420,5224,240380,5816,,31966,,,224570,200,,0,0,,0,0,0,0,,ATMOSPHERA CAFE SRL,J12/1779/2012,"Municipiul Cluj-Napoca, B-dul 21 DECEMBRIE 1989, Nr. 18, Județ Cluj,,,,,,,,,,,,,,,,,,,,,,,,,"
Municipiul,Cluj-Napoca,Cluj,01.01.2019,30388371,5630,5116,251420,5224,240380,5816,,31966,,,224570,200,,0,0,,0,0,0,0,,ATMOSPHERA CAFE SRL,J12/1779/2012,"Municipiul Cluj-Napoca, B-dul 21 DECEMBRIE 1989, Nr. 18, Județ Cluj,,,,,,,,,,,,,,,,,,,,,,,,,"
Municipiul,Cluj-Napoca,Cluj,01.01.2016,30388371,5630,5116,210582,5541,197701,7340,,29195,,,186503,200,,171565,171565,92617,78948,0,73801,0,,ATMOSPHERA CAFE SRL,J12/1779/2012,"Municipiul Cluj-Napoca, B-dul 21 DECEMBRIE 1989, Nr. 18, Județ Cluj,,,,,,,,,,,,,,,,,,,,,,,,,"
Municipiul,Cluj-Napoca,Cluj,01.01.2017,30388371,5630,5116,251419,5224,240379,5816,,31966,,,224569,200,,80040,80040,39572,40468,0,38066,0,0,ATMOSPHERA CAFE SRL,J12/1779/2012,"Municipiul Cluj-Napoca, B-dul 21 DECEMBRIE 1989, Nr. 18, Județ Cluj,,,,,,,,,,,,,,,,,,,,,,,,,"
Municipiul,Cluj-Napoca,Cluj,01.01.2017,31197400,5610,524690,2095436,46346,13441,2035649,,1168160,,,1451966,200,,2766886,2766886,1931487,835399,0,802471,0,18,SINED TOP SRL,J12/356/2013,"Municipiul Cluj-Napoca, Str. BOGDAN PETRICEICU HAŞDEU, Nr. 1, Județ Cluj,,,,,,,,,,,,,,,,,,,,,,,,,,"
Sat,Floreşti,Cluj,01.01.2019,41439675,5610,,11441,5569,,5872,,18675,,,-7234,200,,51256,68554,75472,0,6918,0,7434,4,PIZZAIOLI DELIVERY S.R.L.,J12/2986/2019,"Sat Floreşti, Comuna Floreşti, Str. PROF. IOAN RUSU, Nr. 86, Județ Cluj,,,,,,,,,,,,,,,,"
Municipiul,Cluj-Napoca,Cluj,01.01.2019,40470451,5610,,177623,,176938,685,,178338,,,-715,,,0,0,3515,0,3515,0,3515,,ELIT FOOD BRAND S.R.L.,J12/227/2020,"Municipiul Cluj-Napoca, Str. MUREŞULUI, Nr. 14, Județ Cluj,,,,,,,,,,,,,,,,,"
Municipiul,Cluj-Napoca,Cluj,01.01.2019,32758624,5610,2136158,682083,317136,340346,24601,,1796635,,,1021606,200,,2343280,2339397,1840182,499215,0,475578,0,19,RAO STAR SRL,J12/357/2014,"Municipiul Cluj-Napoca, Str. PROGRESULUI, Nr. 30, Județ Cluj,,,,,,,,,,,,,,,,,,"
Municipiul,Cluj-Napoca,Cluj,01.01.2018,34152143,5630,,49730,,,49730,,8948,,,40782,200,,0,0,,0,0,0,0,,SOCIAL TUBE HD SRL,J12/552/2015,"Municipiul Cluj-Napoca, Str. ALBA IULIA, Nr. 1B, Județ Cluj,,,,,,,,,,,,,,,,,"
Municipiul,Cluj-Napoca,Cluj,01.01.2019,34152143,5630,,40782,,,40782,,0,,,40782,200,,0,0,,0,0,0,0,,SOCIAL TUBE HD SRL,J12/552/2015,"Municipiul Cluj-Napoca, Str. ALBA IULIA, Nr. 1B, Județ Cluj,,,,,,,,,,,,,,,,,"
Municipiul,Cluj-Napoca,Cluj,01.01.2016,34152143,5630,,49730,,,49730,,8948,,,40782,200,,0,0,70,0,70,0,70,,SOCIAL TUBE HD SRL,J12/552/2015,"Municipiul Cluj-Napoca, Str. ALBA IULIA, Nr. 1B, Județ Cluj,,,,,,,,,,,,,,,,,"
Municipiul,Cluj-Napoca,Cluj,01.01.2017,34152143,5630,,49730,,,49730,,8948,,,40782,200,,0,0,,0,0,0,0,,SOCIAL TUBE HD SRL,J12/552/2015,"Municipiul Cluj-Napoca, Str. ALBA IULIA, Nr. 1B, Județ Cluj,,,,,,,,,,,,,,,,,"
Municipiul,Cluj-Napoca,Cluj,01.01.2018,34815009,5630,,60951,,5000,55951,,11462,,,49489,200,,0,0,,0,0,0,0,,SOCIAL TUBE ONE SRL,J12/2243/2015,"Municipiul Cluj-Napoca, Str. ALBA IULIA, Nr. 1B, Județ Cluj,,,,,,,,,,,,,,,,,"
Municipiul,Cluj-Napoca,Cluj,01.01.2019,34815009,5630,,60951,,5000,55951,,11462,,,49489,200,,0,0,,0,0,0,0,,SOCIAL TUBE ONE SRL,J12/2243/2015,"Municipiul Cluj-Napoca, Str. ALBA IULIA, Nr. 1B, Județ Cluj,,,,,,,,,,,,,,,,,"
Municipiul,Cluj-Napoca,Cluj,01.01.2016,34815009,5630,,60951,,5000,55951,,11462,,,49489,200,,45000,45000,157,44843,0,43643,0,,SOCIAL TUBE ONE SRL,J12/2243/2015,"Municipiul Cluj-Napoca, Str. ALBA IULIA, Nr. 1B, Județ Cluj,,,,,,,,,,,,,,,,,"
Municipiul,Cluj-Napoca,Cluj,01.01.2017,34815009,5630,,60951,,5000,55951,,11462,,,49489,200,,0,0,,0,0,0,0,,SOCIAL TUBE ONE SRL,J12/2243/2015,"Municipiul Cluj-Napoca, Str. ALBA IULIA, Nr. 1B, Județ Cluj,,,,,,,,,,,,,,,,,"
Municipiul,Cluj-Napoca,Cluj,01.01.2016,32850107,5610,200,,,,,,0,,,200,200,,0,0,,0,0,0,0,,SLV COFFEE & CO SRL-D,J12/670/2014,"Municipiul Cluj-Napoca, Str. ALEXANDRU VAIDA VOEVOD, Nr. 109-111, parter, Bloc C2, Scara 1, Apartament 2, Județ Cluj,,,,,,,,,,,,,"
Municipiul,Cluj-Napoca,Cluj,01.01.2017,32850107,5610,200,,,,,,0,,,200,200,,0,0,,0,0,0,0,,SLV COFFEE & CO SRL-D,J12/670/2014,"Municipiul Cluj-Napoca, Str. ALEXANDRU VAIDA VOEVOD, Nr. 109-111, parter, Bloc C2, Scara 1, Apartament 2, Județ Cluj,,,,,,,,,,,,,"
Sat,Floreşti,Cluj,01.01.2019,33927322,5629,,26162,1000,24435,727,,20397,,,5765,200,,61459,61459,45013,16446,0,14602,0,,CELELALTE CUVINTE SRL-D,J12/3591/2014,"Sat Floreşti, Comuna Floreşti, Str. STEJARULUI, Nr. 18, Apartament 12, Județ Cluj,,,,,,,,,,,,,,,"
Sat,Tăuţi,Cluj,01.01.2018,36131953,5610,910000,172846,,172916,-70,,1082950,,,-104,200,,0,0,304,0,304,0,304,,CRV PARTY EVENTS SRL,J12/2119/2016,"Sat Tăuţi, Comuna Floreşti, Nr. 208, Județ Cluj,,,,,,,,,,,,,,,,,,"
Municipiul,Cluj-Napoca,Cluj,01.01.2016,34980880,5630,0,39263,0,37723,1540,,1087,,,38176,200,,224527,224527,182179,42348,0,40103,0,3,CIPRI&CLAU SRL,J12/2697/2015,"Municipiul Cluj-Napoca, Str. CÂMPULUI, Nr. 89, Județ Cluj,,,,,,,,,,,,,,,,"
Municipiul,Cluj-Napoca,Cluj,01.01.2017,34980880,5630,,37979,,37772,207,,0,,,37979,200,,0,0,203,0,203,0,203,,CIPRI&CLAU SRL,J12/2697/2015,"Municipiul Cluj-Napoca, Str. CÂMPULUI, Nr. 89, Județ Cluj,,,,,,,,,,,,,,,,"
Sat,Gilău,Cluj,01.01.2016,30170392,5630,135820,1232,,,1232,,248301,,,-111249,200,,0,0,134971,0,134971,0,134971,5,CRISTINA MAXIMA SRL-D,J12/1242/2012,"Sat Gilău, Comuna Gilău, Str. REPUBLICII, Nr. 875A, Județ Cluj,,,,,,,,,,,,,,,,,,,,,,,"
Sat,Calata,Cluj,01.01.2018,38472914,5630,,120230,113136,,7094,,93481,,,26749,200,,230757,230757,199425,31332,0,26549,0,1,LA FANTANA DE PIATRA SRL,J12/6386/2017,"Sat Calata, Comuna Călăţele, Nr. 40, Județ Cluj,,,,,,,,,,,,,,,,,,"
Sat,Calata,Cluj,01.01.2019,38472914,5630,,189306,165381,,23925,,139726,,,49580,200,,291458,293253,267507,25746,0,22831,0,2,LA FANTANA DE PIATRA SRL,J12/6386/2017,"Sat Calata, Comuna Călăţele, Nr. 40, Județ Cluj,,,,,,,,,,,,,,,,,,"
Sat,Feleacu,Cluj,01.01.2016,31216234,5610,,3564467,17116,245028,3302323,5000,1623672,397205,,1548590,200,,1148327,1148327,409419,738908,0,631072,0,20,CRAMA NOASTRĂ PRODCOM SRL,J12/414/2013,"Sat Feleacu, Comuna Feleacu, Nr. 618, Județ Cluj,,,,,,,,,,,,,,,,,,"
Sat,Floreşti,Cluj,01.01.2016,31170668,5610,112707,117670,26218,78573,12879,,146522,,,83855,200,,1963268,1413121,1338324,74797,0,63633,0,12,STRIDENT TEAM  SRL,J12/294/2013,"Sat Floreşti, Comuna Floreşti, Str. AVRAM IANCU, Nr. 506-508, corp A, Etaj 3, Județ Cluj,,,,,,,,,,,,,,,"
Sat,Floreşti,Cluj,01.01.2017,31170668,5610,32896,173950,4872,162308,6770,1314,50567,1355,,156238,200,,1051799,1117277,1032528,84749,0,72384,0,,STRIDENT TEAM  SRL,J12/294/2013,"Sat Floreşti, Comuna Floreşti, Str. AVRAM IANCU, Nr. 506-508, corp A, Etaj 3, Județ Cluj,,,,,,,,,,,,,,,"
Sat,Floreşti,Cluj,01.01.2019,38991180,5610,13550,43563,458,2131,40974,,37961,,,19152,200,,133120,133120,83144,49976,0,48649,0,2,GRANDMAS LANGOS S.R.L.,J12/856/2018,"Sat Floreşti, Comuna Floreşti, Str. Urusagului, Nr. 22E, Județ Cluj,,,,,,,,,,,,,,,,,"
Sat,Vâlcele,Cluj,01.01.2019,18319941,5610,599033,742706,10520,729163,3023,,486197,,,855542,210,,1015135,1015135,864665,150470,0,140319,0,8,DENTEVA S.R.L.,J12/899/2018,"Sat Vâlcele, Comuna Feleacu, Nr. 112, Județ Cluj,,,,,,,,,,,,,,,,,"
Sat,Vâlcele,Cluj,01.01.2016,18319941,5610,23624,329719,41373,224003,64343,,121565,,,231778,210,,696733,698107,522321,175786,0,171996,0,5,DENTEVA S.R.L.,J12/899/2018,"Sat Vâlcele, Comuna Feleacu, Nr. 112, Județ Cluj,,,,,,,,,,,,,,,,,"
Sat,Vâlcele,Cluj,01.01.2017,18319941,5610,671857,335428,,199409,136019,,513983,,,493302,210,,817503,817503,547930,269573,0,261484,0,5,DENTEVA S.R.L.,J12/899/2018,"Sat Vâlcele, Comuna Feleacu, Nr. 112, Județ Cluj,,,,,,,,,,,,,,,,,"
Municipiul,Cluj-Napoca,Cluj,01.01.2018,31965060,5610,7292,8791,,8787,4,,119502,,,-103419,200,,20972,28613,62970,0,34357,0,34557,1,SISPA SRL,J12/2143/2013,"Municipiul Cluj-Napoca, Str. DONATH, Nr. 170, Bloc A11, Etaj V, Apartament 23, Județ Cluj,,,,,,,,,,,,,,,"
Municipiul,Cluj-Napoca,Cluj,01.01.2019,31965060,5610,,13849,1116,12322,411,,165219,,,-151370,200,,18695,18695,66501,0,47806,0,47951,1,SISPA SRL,J12/2143/2013,"Municipiul Cluj-Napoca, Str. DONATH, Nr. 170, Bloc A11, Etaj V, Apartament 23, Județ Cluj,,,,,,,,,,,,,,,"
Municipiul,Cluj-Napoca,Cluj,01.01.2016,31965060,5610,32449,354,,,354,,68674,,,-35871,200,,71155,71490,104991,0,33501,0,35636,2,SISPA SRL,J12/2143/2013,"Municipiul Cluj-Napoca, Str. DONATH, Nr. 170, Bloc A11, Etaj V, Apartament 23, Județ Cluj,,,,,,,,,,,,,,,"
Municipiul,Cluj-Napoca,Cluj,01.01.2017,31965060,5610,19792,23737,,4035,19702,,112391,,,-68862,200,,32099,32099,64806,0,32707,0,32990,2,SISPA SRL,J12/2143/2013,"Municipiul Cluj-Napoca, Str. DONATH, Nr. 170, Bloc A11, Etaj V, Apartament 23, Județ Cluj,,,,,,,,,,,,,,,"
Sat,Baciu,Cluj,01.01.2018,33508340,5610,200,,,,,,0,,,200,200,,0,0,0,0,0,0,0,,ARNAUD ROTISSERIE FRANCAISE S.R.L.,J12/2482/2014,"Sat Baciu, Comuna Baciu, Str. PLANETELOR, Nr. 44, Județ Cluj,,,,,,,,,,,,,,,,"
Sat,Baciu,Cluj,01.01.2016,33508340,5610,73696,24870,18620,5463,787,,110652,,,-12086,200,,31506,31506,35339,0,3833,0,3995,3,ARNAUD ROTISSERIE FRANCAISE S.R.L.,J12/2482/2014,"Sat Baciu, Comuna Baciu, Str. PLANETELOR, Nr. 44, Județ Cluj,,,,,,,,,,,,,,,,"
Sat,Baciu,Cluj,01.01.2017,33508340,5610,64002,24107,2420,4488,17199,,110689,,,-22580,200,,15493,15493,25894,0,10401,0,10494,0,ARNAUD ROTISSERIE FRANCAISE S.R.L.,J12/2482/2014,"Sat Baciu, Comuna Baciu, Str. PLANETELOR, Nr. 44, Județ Cluj,,,,,,,,,,,,,,,,"
Municipiul,Cluj-Napoca,Cluj,01.01.2018,32597587,5630,,129,,,129,,172947,,,-172818,200,,247015,247070,282580,0,35510,0,39888,0,BORSMENTA SRL,J12/3652/2013,"Municipiul Cluj-Napoca, Str. ALEXANDRU VAIDA VOEVOD, Nr. 14, Apartament 35, Județ Cluj,,,,,,,,,,,,,,,,,"
Municipiul,Cluj-Napoca,Cluj,01.01.2019,32597587,5630,,23079,16218,809,6052,,251851,,,-228772,200,,202611,202611,254520,0,51909,0,55953,6,BORSMENTA SRL,J12/3652/2013,"Municipiul Cluj-Napoca, Str. ALEXANDRU VAIDA VOEVOD, Nr. 14, Apartament 35, Județ Cluj,,,,,,,,,,,,,,,,,"
Municipiul,Cluj-Napoca,Cluj,01.01.2016,32597587,5630,,7003,4064,2880,59,,106013,,,-99010,200,,75569,75583,83715,0,8132,0,9993,0,BORSMENTA SRL,J12/3652/2013,"Municipiul Cluj-Napoca, Str. ALEXANDRU VAIDA VOEVOD, Nr. 14, Apartament 35, Județ Cluj,,,,,,,,,,,,,,,,,"
Municipiul,Cluj-Napoca,Cluj,01.01.2017,32597587,5630,,96,0,0,96,,133026,,,-132930,200,,190518,190518,221128,0,30610,0,33921,9,BORSMENTA SRL,J12/3652/2013,"Municipiul Cluj-Napoca, Str. ALEXANDRU VAIDA VOEVOD, Nr. 14, Apartament 35, Județ Cluj,,,,,,,,,,,,,,,,,"
Municipiul,Cluj-Napoca,Cluj,01.01.2016,33258384,5610,,2220,20,,2200,,20,,,2200,200,,0,0,,0,0,0,0,,OANISD SRL-D,J12/1885/2014,"Municipiul Cluj-Napoca, Calea FLOREŞTI, Nr. 4, Bloc B1, Scara 1, Etaj 5, Apartament 21, Județ Cluj,,,,,,,,,,,,,"
Municipiul,Dej,Cluj,01.01.2018,32460627,5610,16059,45137,21852,13227,10058,,124238,,,-63042,40000,,286190,286190,383125,0,96935,0,99661,9,GELISSIM  SRL,J12/3348/2013,"Municipiul Dej, Str. AVRAM IANCU, Nr. 24, Județ Cluj,,,,,,,,,,,,,,,,,,"
Municipiul,Dej,Cluj,01.01.2019,32460627,5610,16059,66557,19693,41210,5654,,232162,,,-149546,40000,,297653,297653,380768,0,83115,0,86504,8,GELISSIM  SRL,J12/3348/2013,"Municipiul Dej, Str. AVRAM IANCU, Nr. 24, Județ Cluj,,,,,,,,,,,,,,,,,,"
Municipiul,Dej,Cluj,01.01.2016,32460627,5610,16059,55181,27716,9991,17474,,42504,,,28736,40000,,301527,301527,295173,6354,0,2816,0,10,GELISSIM  SRL,J12/3348/2013,"Municipiul Dej, Str. AVRAM IANCU, Nr. 24, Județ Cluj,,,,,,,,,,,,,,,,,,"
Municipiul,Dej,Cluj,01.01.2017,32460627,5610,16059,35169,21508,11523,2138,50000,64609,,,36619,40000,,432879,432879,420667,12212,0,7883,0,,GELISSIM  SRL,J12/3348/2013,"Municipiul Dej, Str. AVRAM IANCU, Nr. 24, Județ Cluj,,,,,,,,,,,,,,,,,,"
Municipiul,Dej,Cluj,01.01.2018,34393222,5630,18499,55154,10223,,44931,,160439,,,-86786,200,,299957,303533,337398,0,33865,0,36900,10,NONO PUB S.R.L.,J12/1184/2015,"Municipiul Dej, Str. MIHAIL EMINESCU, Nr. 3, Județ Cluj,,,,,,,,,,,,,,,,,,"
Municipiul,Dej,Cluj,01.01.2019,34393222,5630,12616,44510,39872,,4638,,236066,,,-178940,200,,264056,269113,358626,0,89513,0,92154,7,NONO PUB S.R.L.,J12/1184/2015,"Municipiul Dej, Str. MIHAIL EMINESCU, Nr. 3, Județ Cluj,,,,,,,,,,,,,,,,,,"
Municipiul,Dej,Cluj,01.01.2016,34393222,5630,,172434,12770,152697,6967,,30719,110000,,31715,200,,212899,223703,245689,0,21986,0,26323,,NONO PUB S.R.L.,J12/1184/2015,"Municipiul Dej, Str. MIHAIL EMINESCU, Nr. 3, Județ Cluj,,,,,,,,,,,,,,,,,,"
Municipiul,Dej,Cluj,01.01.2017,34393222,5630,,21450,18394,853,2203,,71336,,,-49886,200,,326346,333697,411252,0,77555,0,81601,5,NONO PUB S.R.L.,J12/1184/2015,"Municipiul Dej, Str. MIHAIL EMINESCU, Nr. 3, Județ Cluj,,,,,,,,,,,,,,,,,,"
Sat,Iuriu,Cluj,01.01.2016,34164067,5630,193635,2465,,,2465,,91661,,,104439,200,,105000,105000,94152,10848,0,7698,0,3,ADALBERT PRODUCTION SRL-D,J12/581/2015,"Sat Iuriu de Câmpie, Comuna Cojocna, Str. AVRAM IANCU, Nr. 10A, Județ Cluj,,,,,,,,,,,,,,,,"
Sat,Iuriu,Cluj,01.01.2017,34164067,5630,168674,588,,,588,,215052,,,-45790,200,,0,0,150229,0,150229,0,150229,6,ADALBERT PRODUCTION SRL-D,J12/581/2015,"Sat Iuriu de Câmpie, Comuna Cojocna, Str. AVRAM IANCU, Nr. 10A, Județ Cluj,,,,,,,,,,,,,,,,"
Sat,Urisor,Cluj,01.01.2019,32906224,5630,482,27867,23976,,3891,,64242,,,-35893,200,,0,0,,0,0,0,0,,DUO VLASER SRL,J12/886/2014,"Sat Urisor, Comuna Caseiu, Nr. 77, Județ Cluj,,,,,,,,,,,,,,,,,,"
Sat,Urisor,Cluj,01.01.2016,32906224,5630,482,27867,23976,,3891,,64242,,,-35893,200,,0,0,,0,0,0,0,,DUO VLASER SRL,J12/886/2014,"Sat Urisor, Comuna Caseiu, Nr. 77, Județ Cluj,,,,,,,,,,,,,,,,,,"
Sat,Urisor,Cluj,01.01.2017,32906224,5630,482,27867,23976,,3891,,64242,,,-35893,200,,0,0,,0,0,0,0,,DUO VLASER SRL,J12/886/2014,"Sat Urisor, Comuna Caseiu, Nr. 77, Județ Cluj,,,,,,,,,,,,,,,,,,"
Municipiul,Turda,Cluj,01.01.2016,36352377,5629,,18241,2145,7118,8978,,10863,,,7378,200,,107276,107276,99026,8250,0,7178,0,5,DRANKA BOD SRL,J12/2820/2016,"Municipiul Turda, Str. LIBERTĂŢII, Nr. 7, Scara C, Etaj 2, Apartament 25, Județ Cluj,,,,,,,,,,,,,,,"
Municipiul,Turda,Cluj,01.01.2017,36352377,5629,3741,124688,41443,80535,2710,,50895,,,77534,200,,594619,594619,511373,83246,0,77294,0,6,DRANKA BOD SRL,J12/2820/2016,"Municipiul Turda, Str. LIBERTĂŢII, Nr. 7, Scara C, Etaj 2, Apartament 25, Județ Cluj,,,,,,,,,,,,,,,"
Sat,Tăuţi,Cluj,01.01.2018,35823506,5621,,22282,,11435,10847,,0,,,22282,200,,22145,22145,63,22082,0,22082,0,,DEWEEKEND CONCEPT SRL-D,J12/1158/2016,"Sat Tăuţi, Comuna Floreşti, Nr. 2C, Județ Cluj,,,,,,,,,,,,,,,,,"
Sat,Tăuţi,Cluj,01.01.2019,35823506,5621,,89108,,,89108,,726,,,88382,200,,68715,68715,687,68028,0,66100,0,,DEWEEKEND CONCEPT SRL-D,J12/1158/2016,"Sat Tăuţi, Comuna Floreşti, Nr. 2C, Județ Cluj,,,,,,,,,,,,,,,,,"
Sat,Floreşti,Cluj,01.01.2019,40076814,5610,109081,124108,,7459,116649,,128268,,,104921,200,,410758,410758,301620,109138,0,104721,0,1,BROTHERS KAKABBU S.R.L.,J12/4900/2018,"Sat Floreşti, Comuna Floreşti, Str. SOMEŞULUI, Nr. 1B-2C, Etaj 3, Apartament 14, Județ Cluj,,,,,,,,,,,,,,"
Municipiul,Cluj-Napoca,Cluj,01.01.2018,34090237,5610,230730,243773,1394,242160,219,,277365,,,197138,200,,0,0,25656,0,25656,0,25656,0,VINTAGE RESTAURANT INTERNATIONAL S.R.L.,J12/2721/2019,"Municipiul Cluj-Napoca, Str. AVRAM IANCU, Nr. 8, Apartament 2 B, Județ Cluj,,,,,,,,,,,,,,,"
Municipiul,Cluj-Napoca,Cluj,01.01.2017,34090237,5610,230730,242089,710,241160,219,,250025,,,222794,200,,351055,351171,264449,86722,0,83210,0,2,VINTAGE RESTAURANT INTERNATIONAL S.R.L.,J12/2721/2019,"Municipiul Cluj-Napoca, Str. AVRAM IANCU, Nr. 8, Apartament 2 B, Județ Cluj,,,,,,,,,,,,,,,"
Municipiul,Cluj-Napoca,Cluj,01.01.2016,34090237,5610,242014,102677,800,101174,703,,205159,,,139532,200,,500881,503855,437750,66105,0,58862,0,2,VINTAGE RESTAURANT INTERNATIONAL S.R.L.,J12/2721/2019,"Municipiul Cluj-Napoca, Str. AVRAM IANCU, Nr. 8, Apartament 2 B, Județ Cluj,,,,,,,,,,,,,,,"
Municipiul,Dej,Cluj,01.01.2016,32725813,5630,,200,,,200,,4525,,,-4325,200,,0,0,,0,0,0,0,,RUSSTAR SRL,J12/258/2014,"Municipiul Dej, Str. FRAGILOR, Nr. 5, Bloc C4, Scara B, Etaj 3, Apartament 23, Județ Cluj,,,,,,,,,,,,,,"
Municipiul,Dej,Cluj,01.01.2017,32725813,5630,,200,,,200,,4525,,,-4325,200,,0,0,,0,0,0,0,,RUSSTAR SRL,J12/258/2014,"Municipiul Dej, Str. FRAGILOR, Nr. 5, Bloc C4, Scara B, Etaj 3, Apartament 23, Județ Cluj,,,,,,,,,,,,,,"
Municipiul,Cluj-Napoca,Cluj,01.01.2017,32649783,5630,573,1329557,5264,1324043,250,,2671412,,,-1341282,200,,0,0,438713,0,438713,0,438713,55,JANIS WORK SRL,J12/74/2014,"Municipiul Cluj-Napoca, B-dul EROILOR, Nr. 9, Etaj 2, Județ Cluj,,,,,,,,,,,,,,,,"
Municipiul,Cluj-Napoca,Cluj,01.01.2018,33489001,5630,,3199,,3199,,,22076,,,-18877,200,,0,0,,0,0,0,0,,GAMERZ CENTER SRL,J12/2450/2014,"Municipiul Cluj-Napoca, B-dul 1 DECEMBRIE 1918, Nr. 128, Bloc D, Scara 4, Apartament 119, Județ Cluj,,,,,,,,,,,,,,"
Municipiul,Cluj-Napoca,Cluj,01.01.2019,33489001,5630,,3199,,3199,,,22076,,,-18877,200,,0,0,,0,0,0,0,,GAMERZ CENTER SRL,J12/2450/2014,"Municipiul Cluj-Napoca, B-dul 1 DECEMBRIE 1918, Nr. 128, Bloc D, Scara 4, Apartament 119, Județ Cluj,,,,,,,,,,,,,,"
Municipiul,Cluj-Napoca,Cluj,01.01.2016,33489001,5630,,3199,,3199,,,22076,,,-18877,200,,12870,12870,,12870,0,12870,0,,GAMERZ CENTER SRL,J12/2450/2014,"Municipiul Cluj-Napoca, B-dul 1 DECEMBRIE 1918, Nr. 128, Bloc D, Scara 4, Apartament 119, Județ Cluj,,,,,,,,,,,,,,"
Municipiul,Cluj-Napoca,Cluj,01.01.2017,33489001,5630,,3199,,3199,,,22076,,,-18877,200,,0,0,,0,0,0,0,,GAMERZ CENTER SRL,J12/2450/2014,"Municipiul Cluj-Napoca, B-dul 1 DECEMBRIE 1918, Nr. 128, Bloc D, Scara 4, Apartament 119, Județ Cluj,,,,,,,,,,,,,,"
Municipiul,Cluj-Napoca,Cluj,01.01.2016,33739680,5630,8383,203416,107799,48671,46946,,402487,,,-190688,200,,1186597,1187950,1162313,25637,0,25637,0,19,PLAYRON SRL,J12/3100/2014,"Municipiul Cluj-Napoca, Str. BUREBISTA, Nr. 10, Parter, Județ Cluj,,,,,,,,,,,,,,,,"
Sat,Fizeşu,Cluj,01.01.2017,36030045,5610,,16956,9402,6836,718,,-2520,,,19476,200,,75726,75726,56445,19281,0,18524,0,,POPAS PROD NATUR SRL,J12/1788/2016,"Sat Fizeşu Gherlii, Comuna Fizeşu Gherlii, Nr. 126, Județ Cluj,,,,,,,,,,,,,,,,,,"
Sat,Floreşti,Cluj,01.01.2016,35711707,5630,2292,11466,5727,2197,3542,,24084,,,-10326,200,,49068,57268,67147,0,9879,0,10526,2,PLAYHAPPY CAFE SRL,J12/819/2016,"Sat Floreşti, Comuna Floreşti, Str. CETĂŢII, Nr. 3A, Apartament 24, Județ Cluj,,,,,,,,,,,,,,,,"
Sat,Floreşti,Cluj,01.01.2018,36341769,5629,3643,57389,1365,35002,21022,,7216,,,53816,220,,295820,295820,226377,69443,0,66484,0,,RURAL TREASURES SRL,J12/2786/2016,"Sat Floreşti, Comuna Floreşti, Str. EROILOR, Nr. 190B, Scara 2, Etaj 2, Apartament 21, Județ Cluj,,,,,,,,,,,,,,"
Sat,Floreşti,Cluj,01.01.2017,36341769,5629,7286,10091,5269,,4822,,30045,,,-12668,220,,73509,74929,87068,0,12139,0,12888,,RURAL TREASURES SRL,J12/2786/2016,"Sat Floreşti, Comuna Floreşti, Str. EROILOR, Nr. 190B, Scara 2, Etaj 2, Apartament 21, Județ Cluj,,,,,,,,,,,,,,"
Sat,Floreşti,Cluj,01.01.2016,35779400,5610,,43463,20286,48,23129,,10936,,,32527,200,,148990,277086,242558,34528,0,32327,0,1,NOVA BONAVENTU SRL,J12/1048/2016,"Sat Floreşti, Comuna Floreşti, Str. SUB CETATE, Nr. 144, Apartament 3, Județ Cluj,,,,,,,,,,,,,,,,"
Sat,Gilău,Cluj,01.01.2016,36153501,5630,200,1184,,,1184,,55000,,,-53616,200,,0,0,53816,0,53816,0,53816,5,KALLOAN SRL,J12/2161/2016,"Sat Gilău, Comuna Gilău, Nr. 397A, Județ Cluj,,,,,,,,,,,,,,,,,,"
Sat,Gilău,Cluj,01.01.2017,36153501,5630,143903,184,,,184,,193441,,,-49354,200,,75000,75000,69988,5012,0,4262,0,5,KALLOAN SRL,J12/2161/2016,"Sat Gilău, Comuna Gilău, Nr. 397A, Județ Cluj,,,,,,,,,,,,,,,,,,"
Municipiul,Cluj-Napoca,Cluj,01.01.2016,36434469,5610,17926,12120,11008,,1112,,65164,,,-35118,200,,21567,22490,57592,0,35102,0,35318,1,STONER EVENTS SRL-D,J12/3108/2016,"Municipiul Cluj-Napoca, Aleea AZUGA, Nr. 2, Apartament 4, Județ Cluj,,,,,,,,,,,,,,,,"
Municipiul,Cluj-Napoca,Cluj,01.01.2018,37363978,5630,,20785,,5386,15399,,78376,,,-57591,200,,221782,221782,261288,0,39506,0,41300,,ROOIBOSTEA SRL,J12/1472/2017,"Municipiul Cluj-Napoca, B-dul 21 DECEMBRIE 1989, Nr. 93, Apartament 27, Județ Cluj,,,,,,,,,,,,,,,,"
Municipiul,Cluj-Napoca,Cluj,01.01.2019,37363978,5630,,35788,9777,19772,6239,,132062,,,-96274,200,,266243,266243,300757,0,34514,0,38683,0,ROOIBOSTEA SRL,J12/1472/2017,"Municipiul Cluj-Napoca, B-dul 21 DECEMBRIE 1989, Nr. 93, Apartament 27, Județ Cluj,,,,,,,,,,,,,,,,"
Municipiul,Cluj-Napoca,Cluj,01.01.2017,37363978,5630,,10557,0,0,10557,,26848,,,-16291,200,,220567,220567,234784,0,14217,0,16491,0,ROOIBOSTEA SRL,J12/1472/2017,"Municipiul Cluj-Napoca, B-dul 21 DECEMBRIE 1989, Nr. 93, Apartament 27, Județ Cluj,,,,,,,,,,,,,,,,"
Municipiul,Cluj-Napoca,Cluj,01.01.2018,38308939,5610,2330,14523,14083,,440,,37403,,,-20550,200,,7895,7895,28566,0,20671,0,20750,4,YILDIZ IMPORT EXPORT SRL,J12/5890/2017,"Municipiul Cluj-Napoca, B-dul 21 DECEMBRIE 1989, Nr. 93, Apartament 27, Județ Cluj,,,,,,,,,,,,,,,,"
Municipiul,Cluj-Napoca,Cluj,01.01.2019,38308939,5610,2756,33435,22683,6844,3908,,137089,,,-100898,200,,213538,213538,291376,0,77838,0,79786,7,YILDIZ IMPORT EXPORT SRL,J12/5890/2017,"Municipiul Cluj-Napoca, B-dul 21 DECEMBRIE 1989, Nr. 93, Apartament 27, Județ Cluj,,,,,,,,,,,,,,,,"
Municipiul,Cluj-Napoca,Cluj,01.01.2019,40021703,5630,124807,40028,10059,,29969,,223489,,,-58654,200,,64378,66123,124293,0,58170,0,58854,3,TIBRISFOOD S.R.L.,J12/4738/2018,"Municipiul Cluj-Napoca, B-dul EROILOR, Nr. 48, Apartament 14B, Județ Cluj,,,,,,,,,,,,,,,,"
Municipiul,Cluj-Napoca,Cluj,01.01.2017,37746256,5610,,9272,,,9272,,6802,,,2470,200,,73974,73974,69485,4489,0,2270,0,,VLA MASTAN SRL-D,J12/3631/2017,"Municipiul Cluj-Napoca, Calea MĂNĂŞTUR, Nr. 105, Apartament 1, Județ Cluj,,,,,,,,,,,,,,,,"
Municipiul,Cluj-Napoca,Cluj,01.01.2018,38364033,5610,,26275,24392,,1883,,40552,,,-14277,200,,160414,160414,157770,2644,0,44,0,1,MALINAS PIZZA SRL-D,J12/6058/2017,"Municipiul Cluj-Napoca, Str. AGRICULTORILOR, Nr. 20, Scara 2, Apartament 21, Județ Cluj,,,,,,,,,,,,,,,"
Municipiul,Cluj-Napoca,Cluj,01.01.2019,38364033,5610,,28687,3038,,25649,,22546,,,6141,200,,315996,315996,292431,23565,0,20418,0,1,MALINAS PIZZA SRL-D,J12/6058/2017,"Municipiul Cluj-Napoca, Str. AGRICULTORILOR, Nr. 20, Scara 2, Apartament 21, Județ Cluj,,,,,,,,,,,,,,,"
Municipiul,Cluj-Napoca,Cluj,01.01.2017,38364033,5610,,5609,5211,,398,,19930,,,-14321,200,,3767,3767,18175,0,14408,0,14521,,MALINAS PIZZA SRL-D,J12/6058/2017,"Municipiul Cluj-Napoca, Str. AGRICULTORILOR, Nr. 20, Scara 2, Apartament 21, Județ Cluj,,,,,,,,,,,,,,,"
Municipiul,Dej,Cluj,01.01.2018,36974299,5610,1500,116891,38894,2602,75395,,21949,,,96442,200,,679809,684197,618503,65694,0,57627,0,3,DIANA & ALEX CLUB SRL,J12/259/2017,"Municipiul Dej, Str. UNIRII, Nr. 10, Bloc A6, Scara A, Etaj 2, Apartament 14, Județ Cluj,,,,,,,,,,,,,"
Municipiul,Dej,Cluj,01.01.2019,36974299,5610,1500,159252,87876,9886,61490,,27201,,,133551,200,,713950,761312,717063,44249,0,37109,0,3,DIANA & ALEX CLUB SRL,J12/259/2017,"Municipiul Dej, Str. UNIRII, Nr. 10, Bloc A6, Scara A, Etaj 2, Apartament 14, Județ Cluj,,,,,,,,,,,,,"
Municipiul,Dej,Cluj,01.01.2019,40200660,5630,144,912,,,912,,6518,,,-5462,200,,590,590,6234,0,5644,0,5662,,KOSON SILVER GOLD S.R.L.,J12/5190/2018,"Municipiul Dej, Str. Varga Katalin, Nr. 73, Județ Cluj,,,,,,,,,,,,,,,,,"
Municipiul,Cluj-Napoca,Cluj,01.01.2018,31304417,5610,4401899,646939,176193,392861,77885,1161039,4440142,,,1769735,200,,6407184,6610440,5032633,1577807,0,1550266,0,71,SAMSARA FOOD SRL,J12/656/2013,"Municipiul Cluj-Napoca, Str. CARDINAL IULIU HOSSU, Nr. 3, Județ Cluj,,,,,,,,,,,,,,,,,,"
Municipiul,Cluj-Napoca,Cluj,01.01.2019,31304417,5610,10118424,1578827,356861,929048,292918,32802,8447890,,,3282163,200,,11464945,12488603,10418720,2069883,0,2012427,0,75,SAMSARA FOOD SRL,J12/656/2013,"Municipiul Cluj-Napoca, Str. CARDINAL IULIU HOSSU, Nr. 3, Județ Cluj,,,,,,,,,,,,,,,,,,"
Municipiul,Cluj-Napoca,Cluj,01.01.2017,31304417,5610,2897765,534010,79540,137097,317373,138466,3350772,,,219469,200,,4429343,4461585,3954018,507567,0,479405,0,41,SAMSARA FOOD SRL,J12/656/2013,"Municipiul Cluj-Napoca, Str. CARDINAL IULIU HOSSU, Nr. 3, Județ Cluj,,,,,,,,,,,,,,,,,,"
Municipiul,Cluj-Napoca,Cluj,01.01.2018,31292363,5610,,,,,,,0,,,0,,,0,0,0,0,0,0,0,,RZR SERVICES SRL,J12/630/2013,"Municipiul Cluj-Napoca, Str. CLINICILOR, Nr. 14-16, Județ Cluj,,,,,,,,,,,,,,,,,,"
Municipiul,Cluj-Napoca,Cluj,01.01.2019,31292363,5610,72545,51429,,2680,48749,,1077255,,,-953281,1000,,818705,865541,923899,0,58358,0,58358,3,RZR SERVICES SRL,J12/630/2013,"Municipiul Cluj-Napoca, Str. CLINICILOR, Nr. 14-16, Județ Cluj,,,,,,,,,,,,,,,,,,"
Municipiul,Cluj-Napoca,Cluj,01.01.2016,31292363,5610,914942,405241,257779,61247,86215,,1788597,,,-468414,200,,4149818,4184577,4163519,21058,0,8602,0,36,RZR SERVICES SRL,J12/630/2013,"Municipiul Cluj-Napoca, Str. CLINICILOR, Nr. 14-16, Județ Cluj,,,,,,,,,,,,,,,,,,"
Municipiul,Cluj-Napoca,Cluj,01.01.2017,31292363,5610,971254,446078,274825,112283,58970,54300,1913132,,,-441500,1000,,5124543,5174392,5104125,70267,0,26114,0,45,RZR SERVICES SRL,J12/630/2013,"Municipiul Cluj-Napoca, Str. CLINICILOR, Nr. 14-16, Județ Cluj,,,,,,,,,,,,,,,,,,"
Sat,Floreşti,Cluj,01.01.2016,33724980,5610,5417,95274,82835,11107,1332,,121472,,,-20781,330,,154030,243645,214487,29158,0,27613,0,2,SA GANA BONA SRL,J12/3055/2014,"Sat Floreşti, Comuna Floreşti, Str. AVRAM IANCU, Nr. 421 B, Județ Cluj,,,,,,,,,,,,,,,,,"
Sat,Floreşti,Cluj,01.01.2018,32153932,5610,1156432,2451199,798990,1475630,176579,914809,4036464,,,485976,800,,18972374,19161611,19134721,26890,0,0,172163,156,BIO BOX SRL,J12/2629/2013,"Sat Floreşti, Comuna Floreşti, Str. AVRAM IANCU, Nr. 506-508, corp A, Etaj 3, Județ Cluj,,,,,,,,,,,,,,,"
Sat,Floreşti,Cluj,01.01.2019,32153932,5610,1119686,3997184,2268783,1612934,115467,1008827,5600299,,,525398,800,,17816213,17929777,17714907,214870,0,39434,0,127,BIO BOX SRL,J12/2629/2013,"Sat Floreşti, Comuna Floreşti, Str. AVRAM IANCU, Nr. 506-508, corp A, Etaj 3, Județ Cluj,,,,,,,,,,,,,,,"
Sat,Floreşti,Cluj,01.01.2016,32153932,5610,1275686,1044385,252692,624724,166969,726307,1819761,,,1226617,400,,16141174,16635310,15337339,1297971,0,1102417,0,130,BIO BOX SRL,J12/2629/2013,"Sat Floreşti, Comuna Floreşti, Str. AVRAM IANCU, Nr. 506-508, corp A, Etaj 3, Județ Cluj,,,,,,,,,,,,,,,"
Sat,Floreşti,Cluj,01.01.2017,32153932,5610,1187893,2142609,1138140,806997,197472,815481,2592589,,,1553394,800,,17081361,17094974,16577341,517633,0,370171,0,143,BIO BOX SRL,J12/2629/2013,"Sat Floreşti, Comuna Floreşti, Str. AVRAM IANCU, Nr. 506-508, corp A, Etaj 3, Județ Cluj,,,,,,,,,,,,,,,"
Sat,Floreşti,Cluj,01.01.2016,34793482,5610,10522,901,62,,839,,69714,,,-58291,400,,167146,167146,194473,0,27327,0,28621,2,LA VERANDA BISTRO SRL,J12/2185/2015,"Sat Floreşti, Comuna Floreşti, Str. EROILOR, Nr. 178A, Scara II, Apartament 31, Județ Cluj,,,,,,,,,,,,,,,"
Sat,Floreşti,Cluj,01.01.2018,32255347,5629,,200,,,200,,0,,,200,200,,0,0,,0,0,0,0,,EVELYN DMG SRL,J12/2855/2013,"Sat Floreşti, Comuna Floreşti, Str. FLORILOR, Nr. 92D, Județ Cluj,,,,,,,,,,,,,,,,,"
Sat,Floreşti,Cluj,01.01.2019,32255347,5629,,200,,,200,,0,,,200,200,,0,0,,0,0,0,0,,EVELYN DMG SRL,J12/2855/2013,"Sat Floreşti, Comuna Floreşti, Str. FLORILOR, Nr. 92D, Județ Cluj,,,,,,,,,,,,,,,,,"
Sat,Floreşti,Cluj,01.01.2017,32255347,5629,,200,,,200,,0,,,200,200,,0,0,,0,0,0,0,,EVELYN DMG SRL,J12/2855/2013,"Sat Floreşti, Comuna Floreşti, Str. FLORILOR, Nr. 92D, Județ Cluj,,,,,,,,,,,,,,,,,"
Sat,Floreşti,Cluj,01.01.2019,34388307,5630,224895,3516839,,3508018,8821,1500,754700,,,2988534,400,,4597893,4710793,3186273,1524520,0,1477412,0,4,ROYAL TIME SRL,J12/1169/2015,"Sat Floreşti, Comuna Floreşti, Str. SOMEŞULUI, Nr. 12, Bloc 1, Scara 1, Etaj 1, Apartament 5, Județ Cluj,,,,,,,,,,,,,"
Sat,Iara,Cluj,01.01.2019,34840150,5610,17500,1133,,,1133,,20014,,,-1381,200,,947,947,2500,0,1553,0,1581,,VIOLA ALESIA SRL,J12/2312/2015,"Sat Iara, Comuna Iara, Nr. 515 A, Județ Cluj,,,,,,,,,,,,,,,,,,"
Sat,Mihaieşti,Cluj,01.01.2016,34864753,5630,167,89858,28997,,60861,,20882,,,69143,200,,214596,214596,155568,59028,0,54735,0,,BOBDRINK SRL,J12/2374/2015,"Sat Mihaieşti, Comuna Sinpaul, Nr. 105A, Județ Cluj,,,,,,,,,,,,,,,,,,"
Municipiul,Cluj-Napoca,Cluj,01.01.2018,30500350,5610,88047,478980,143676,176677,158627,,494269,,,72758,200,,1522864,1538523,1505744,32779,0,17547,0,9,ECLIPSE CLUB SRL,J12/2073/2012,"Municipiul Cluj-Napoca, LA DOSUL DIN VALEA CHINTAULUI, Nr. FN, Județ Cluj,,,,,,,,,,,,,,,,,,,,,,,,,,"
Municipiul,Cluj-Napoca,Cluj,01.01.2019,30500350,5610,324073,746996,68998,189212,488786,,569354,,,501715,200,,2138496,2141461,1692702,448759,0,428957,0,18,ECLIPSE CLUB SRL,J12/2073/2012,"Municipiul Cluj-Napoca, LA DOSUL DIN VALEA CHINTAULUI, Nr. FN, Județ Cluj,,,,,,,,,,,,,,,,,,,,,,,,,,"
Municipiul,Cluj-Napoca,Cluj,01.01.2016,30500350,5610,67756,308235,462,54338,253435,,329618,,,46373,200,,1214831,1269995,1219105,50890,0,42748,0,18,ECLIPSE CLUB SRL,J12/2073/2012,"Municipiul Cluj-Napoca, LA DOSUL DIN VALEA CHINTAULUI, Nr. FN, Județ Cluj,,,,,,,,,,,,,,,,,,,,,,,,,,"
Municipiul,Cluj-Napoca,Cluj,01.01.2017,30500350,5610,72576,275531,65920,99032,110579,,292896,,,55211,200,,1278151,1278151,1256531,21620,0,8839,0,19,ECLIPSE CLUB SRL,J12/2073/2012,"Municipiul Cluj-Napoca, LA DOSUL DIN VALEA CHINTAULUI, Nr. FN, Județ Cluj,,,,,,,,,,,,,,,,,,,,,,,,,,"
Municipiul,Cluj-Napoca,Cluj,01.01.2019,30158259,5610,1555685,510667,403754,88554,18359,,284358,482322,,1299672,300,,956731,1090039,847755,242284,0,232717,0,26,MARTY EVENTS & CATERING SRL,J12/1216/2012,"Municipiul Cluj-Napoca, P-ţa 1 MAI, Nr. 4-5, Județ Cluj,,,,,,,,,,,,,,,,,,,,,,,,,,"
Municipiul,Cluj-Napoca,Cluj,01.01.2016,30158259,5610,1267967,467433,340782,95083,31568,,569932,508315,,657153,300,,527312,800280,632750,167530,0,140704,0,22,MARTY EVENTS & CATERING SRL,J12/1216/2012,"Municipiul Cluj-Napoca, P-ţa 1 MAI, Nr. 4-5, Județ Cluj,,,,,,,,,,,,,,,,,,,,,,,,,,"
Municipiul,Cluj-Napoca,Cluj,01.01.2018,30159262,5610,1757952,589310,434610,122791,31909,,657584,,,1689678,300,,5550624,5555626,4749071,806555,0,743869,0,37,MARTY RESTAURANTS S.R.L.,J12/1217/2012,"Municipiul Cluj-Napoca, P-ţa 1 MAI, Nr. 4-5, Județ Cluj,,,,,,,,,,,,,,,,,,,,,,,,,,"
Municipiul,Cluj-Napoca,Cluj,01.01.2019,30159262,5610,2808525,831452,630458,61608,139386,,900397,,,2739580,300,,10773042,10859837,9620209,1239628,0,1150955,0,51,MARTY RESTAURANTS S.R.L.,J12/1217/2012,"Municipiul Cluj-Napoca, P-ţa 1 MAI, Nr. 4-5, Județ Cluj,,,,,,,,,,,,,,,,,,,,,,,,,,"
Municipiul,Cluj-Napoca,Cluj,01.01.2016,30159262,5610,271627,626392,326009,40453,259930,,332963,,,565056,300,,5333327,5333927,4923708,410219,0,344584,0,40,MARTY RESTAURANTS S.R.L.,J12/1217/2012,"Municipiul Cluj-Napoca, P-ţa 1 MAI, Nr. 4-5, Județ Cluj,,,,,,,,,,,,,,,,,,,,,,,,,,"
Municipiul,Cluj-Napoca,Cluj,01.01.2017,30159262,5610,1120871,558859,387583,39580,131696,,733922,,,945808,300,,5354483,5369886,4919948,449938,0,380753,0,42,MARTY RESTAURANTS S.R.L.,J12/1217/2012,"Municipiul Cluj-Napoca, P-ţa 1 MAI, Nr. 4-5, Județ Cluj,,,,,,,,,,,,,,,,,,,,,,,,,,"
Municipiul,Cluj-Napoca,Cluj,01.01.2018,30081791,5610,2550353,4997649,115693,293987,4587969,506,2027325,,,5521183,200,,6439310,6439310,3545029,2894281,0,2820683,0,32,CRIDENS TOP SRL,J12/1059/2012,"Municipiul Cluj-Napoca, Str. BUCEGI, Nr. 13-15, Apartament 1, Județ Cluj,,,,,,,,,,,,,,,,,,,,,,,,,"
Municipiul,Cluj-Napoca,Cluj,01.01.2019,30081791,5610,2619041,3250263,365559,2463178,421526,1369,1591451,,,4279222,200,,6192906,6192906,3785838,2407068,0,2337139,0,37,CRIDENS TOP SRL,J12/1059/2012,"Municipiul Cluj-Napoca, Str. BUCEGI, Nr. 13-15, Apartament 1, Județ Cluj,,,,,,,,,,,,,,,,,,,,,,,,,"
Municipiul,Cluj-Napoca,Cluj,01.01.2016,30081791,5610,1768359,581120,119062,53316,408742,,1625957,,,723522,200,,5454831,5454831,4842032,612799,0,514751,0,31,CRIDENS TOP SRL,J12/1059/2012,"Municipiul Cluj-Napoca, Str. BUCEGI, Nr. 13-15, Apartament 1, Județ Cluj,,,,,,,,,,,,,,,,,,,,,,,,,"
Municipiul,Cluj-Napoca,Cluj,01.01.2017,30081791,5610,1835906,4898974,70360,133249,4695365,,4540810,,,2194070,200,,5956491,5956491,3900811,2055680,0,1985299,0,30,CRIDENS TOP SRL,J12/1059/2012,"Municipiul Cluj-Napoca, Str. BUCEGI, Nr. 13-15, Apartament 1, Județ Cluj,,,,,,,,,,,,,,,,,,,,,,,,,"
Municipiul,Cluj-Napoca,Cluj,01.01.2017,30261709,5610,120708,709245,45311,42071,621863,,205909,,,624044,200,,1494817,1494817,1323729,171088,0,160834,0,15,ANTILAG JUNIOR  SRL,J12/1479/2012,"Municipiul Cluj-Napoca, Str. CÂMPINA, Nr. 51-53, Județ Cluj,,,,,,,,,,,,,,,,,,,,,,,,,,"
Municipiul,Cluj-Napoca,Cluj,01.01.2016,30064804,5630,,16423,14683,25,1715,,84005,,,-67582,200,,124346,125473,180254,0,54781,0,56036,2,DANA DIADA SRL,J12/999/2012,"Municipiul Cluj-Napoca, Str. FABRICII, Nr. 63, Județ Cluj,,,,,,,,,,,,,,,,,,,,,,,,,,"
Municipiul,Cluj-Napoca,Cluj,01.01.2016,30328973,5610,35627,236287,,11595,224692,,300444,,,-28530,200,,629013,643364,702560,0,59196,0,59196,9,MARALEXANDRU SRL,J12/1648/2012,"Municipiul Cluj-Napoca, Str. ION MEŞTER, Nr. 12, Apartament 108, Județ Cluj,,,,,,,,,,,,,,,,,,,,,,,,,"
Municipiul,Cluj-Napoca,Cluj,01.01.2016,30267094,5621,135453,26789,7023,13478,6288,,122598,,,39644,200,,1429370,1433987,1149939,284048,0,258261,0,14,HORA RM & CATERING S.R.L.,J12/1483/2012,"Municipiul Cluj-Napoca, Str. IZLAZULUI, Nr. 18, Apartament 159, Județ Cluj,,,,,,,,,,,,,,,,,,,,,,,,,"
Municipiul,Cluj-Napoca,Cluj,01.01.2019,30064820,5610,8090,42663,0,38710,3953,,0,,,50753,200,,0,0,2907,0,2907,0,2907,0,PAN YANG SRL,J12/1013/2012,"Municipiul Cluj-Napoca, Str. MOLIDULUI, Nr. 1, Județ Cluj,,,,,,,,,,,,,,,,,,,,,,,,,,"
Municipiul,Cluj-Napoca,Cluj,01.01.2017,30553932,5610,82675,268181,43058,18026,207097,,128767,,,222089,200,,1235939,1235939,1046749,189190,0,179667,0,20,PRIM ART MANAGEMENT SRL,J12/2205/2012,"Municipiul Cluj-Napoca, Str. PLOPILOR, Nr. 22-24, Scara A, Etaj 3, Apartament 15, Județ Cluj,,,,,,,,,,,,,,,,,,,,,,,"
Sat,Floreşti,Cluj,01.01.2018,30521302,5610,1997630,558575,30195,84387,443993,40458,2068255,10722,,517686,600,,9941930,14592914,14117021,475893,0,445211,0,77,RES QUALITY FOOD  SRL,J12/2123/2012,"Sat Floreşti, Comuna Floreşti, Str. PORII, Nr. 5, Bloc 5B1, Scara 1, Etaj 1, Apartament 5, Județ Cluj,,,,,,,,,,,,,,,,,,,,,"
Sat,Floreşti,Cluj,01.01.2019,30521302,5610,2071363,1198715,200844,211936,785935,31955,2117026,10722,,1174285,600,,11933151,17321565,16636464,685101,0,654419,0,89,RES QUALITY FOOD  SRL,J12/2123/2012,"Sat Floreşti, Comuna Floreşti, Str. PORII, Nr. 5, Bloc 5B1, Scara 1, Etaj 1, Apartament 5, Județ Cluj,,,,,,,,,,,,,,,,,,,,,"
Sat,Floreşti,Cluj,01.01.2016,30521302,5610,382730,78654,24795,47079,6780,,427675,17561,,16148,200,,5721125,8914114,8480839,433275,0,407207,0,46,RES QUALITY FOOD  SRL,J12/2123/2012,"Sat Floreşti, Comuna Floreşti, Str. PORII, Nr. 5, Bloc 5B1, Scara 1, Etaj 1, Apartament 5, Județ Cluj,,,,,,,,,,,,,,,,,,,,,"
Sat,Floreşti,Cluj,01.01.2017,30521302,5610,1857710,574502,111914,57767,404821,40991,2409850,14337,,49016,600,,8359483,12970442,12907292,63150,0,32468,0,69,RES QUALITY FOOD  SRL,J12/2123/2012,"Sat Floreşti, Comuna Floreşti, Str. PORII, Nr. 5, Bloc 5B1, Scara 1, Etaj 1, Apartament 5, Județ Cluj,,,,,,,,,,,,,,,,,,,,,"
Municipiul,Cluj-Napoca,Cluj,01.01.2018,38328316,5629,608292,1765572,184846,1476921,103805,22415,1969549,,,426730,200,,5708096,5720471,5218883,501588,0,433130,0,41,FLIGHTS AVIATION TRADE SRL,J12/5962/2017,"Municipiul Cluj-Napoca, Str. GHEORGHE DIMA, Nr. 8, Bloc II E, Apartament 6, Județ Cluj,,,,,,,,,,,,,,,"
Municipiul,Cluj-Napoca,Cluj,01.01.2019,38328316,5629,1713474,1646065,186861,1399792,59412,16182,2629689,,,746032,200,,8651325,8661036,8295324,365712,0,319302,0,64,FLIGHTS AVIATION TRADE SRL,J12/5962/2017,"Municipiul Cluj-Napoca, Str. GHEORGHE DIMA, Nr. 8, Bloc II E, Apartament 6, Județ Cluj,,,,,,,,,,,,,,,"
Municipiul,Cluj-Napoca,Cluj,01.01.2018,38062744,5610,23831,234,,3,231,,172848,,,-148783,200,,0,2786,116085,0,113299,0,113299,,DONMOBILI BEST QUALITY S.R.L.,J12/5225/2017,"Municipiul Cluj-Napoca, Str. MEHEDINŢI, Nr. 88, Apartament 26, Județ Cluj,,,,,,,,,,,,,,,,"
Municipiul,Cluj-Napoca,Cluj,01.01.2018,37739216,5630,100800,63767,20575,36105,7087,,113521,,,51046,200,,456708,556681,501345,55336,0,50768,0,7,RIVIERA NARGHILEA CAFE SRL,J12/3591/2017,"Municipiul Cluj-Napoca, Str. MEMORANDUMULUI, Nr. 9, la parter și subsol, Județ Cluj,,,,,,,,,,,,,,,,"
Municipiul,Cluj-Napoca,Cluj,01.01.2017,37739216,5630,900,58331,14003,3300,41028,,46054,,,13177,200,,222261,222261,207061,15200,0,12977,0,,RIVIERA NARGHILEA CAFE SRL,J12/3591/2017,"Municipiul Cluj-Napoca, Str. MEMORANDUMULUI, Nr. 9, la parter și subsol, Județ Cluj,,,,,,,,,,,,,,,,"
Municipiul,Cluj-Napoca,Cluj,01.01.2019,41431485,5629,42433,38285,29937,7510,838,0,103810,0,0,-23092,200,0,58912,58912,81619,0,22707,0,23292,0,CATERING FAMILY TRANSILVANIA S.R.L.,J12/2948/2019,"Municipiul Cluj-Napoca, Str. VALEA CHINTAULUI, Nr. 71, Județ Cluj,,,,,,,,,,,,,,,,,"
Sat,Apahida,Cluj,01.01.2019,41571772,5610,102509,3904,,,3904,,109577,,,-3164,200,,0,205,3569,0,3364,0,3364,0,PIZZERIA DIANA S.R.L.,J12/3389/2019,"Sat Apahida, Comuna Apahida, Str. PIETROASA, Nr. 2/i, Etaj 2, Apartament 13, Județ Cluj,,,,,,,,,,,,,,"
